text,date,user.username
OCU buys Scottish civils contractor RJ McLeod dlvr.it/T89Pfx,"Jun 12, 2024 Â· 10:02 AM UTC",@ConstructionEnq
Construction output falls for third month running https://www.newsnow.co.uk/share?data=eyJ1cmwiOiJodHRwczovL3d3dy5jb25zdHJ1Y3Rpb25lbnF1aXJlci5jb20vMjAyNC8wNi8xMi9jb25zdHJ1Y3Rpb24tb3V0cHV0LWZhbGxzLWZvci10aGlyZC1tb250aC1ydW5uaW5nLyIsInRpbWVzdGFtcCI6IjE3MTgxNzc5ODMiLCJwdWJOYW1lIjoiQ29uc3RydWN0aW9uIEVucXVpcmVyIiwidGl0bGUiOiJDb25zdHJ1Y3Rpb24gb3V0cHV0IGZhbGxzIGZvciB0aGlyZCBtb250aCBydW5uaW5nIiwicHViSWQiOiJDT05TVFJVQ1RJT05FTlFVSVJFUiIsImlkIjoiMTIzMjUxODI0MiIsImltZ1NpemVzIjp7ImQiOjEsImQyIjoxLCJkbCI6MSwibWwiOjEsImQxIjoxfSwibW5pZCI6IjU4MyJ9&sgt=shv2&sg=1d5b8fcc&utm_medium=shared&utm_source=newsnow&utm_campaign=twitter-x&sid=2 via @NewsNowUK,"Jun 12, 2024 Â· 8:51 AM UTC",@ConstructionEnq
Balfour wins design for Â£690m Skye transmission job dlvr.it/T895CQ,"Jun 12, 2024 Â· 7:19 AM UTC",@ConstructionEnq
Construction output falls for third month running dlvr.it/T8959H,"Jun 12, 2024 Â· 7:19 AM UTC",@ConstructionEnq
Plan in for Leeds 27-storey block of flats dlvr.it/T890pZ,"Jun 12, 2024 Â· 6:33 AM UTC",@ConstructionEnq
Amey switches kit supplier dlvr.it/T890m6,"Jun 12, 2024 Â· 6:33 AM UTC",@ConstructionEnq
Student and resi developer Fortis goes under dlvr.it/T88z7S,"Jun 12, 2024 Â· 6:12 AM UTC",@ConstructionEnq
Track workers scatter to avoid runaway rail trolley dlvr.it/T88z72,"Jun 12, 2024 Â· 6:12 AM UTC",@ConstructionEnq
Firms readied for Â£1.5bn Parliament estate upkeep deal dlvr.it/T8897M,"Jun 11, 2024 Â· 7:57 PM UTC",@ConstructionEnq
Planning for new homes plunges to record low dlvr.it/T86Wwm,"Jun 11, 2024 Â· 7:34 AM UTC",@ConstructionEnq
Â£100m Digbeth 33-storey flats job out to bid dlvr.it/T86Wv1,"Jun 11, 2024 Â· 7:34 AM UTC",@ConstructionEnq
Ex-Galliard boss to lead Battersea next building phase dlvr.it/T86Vzp,"Jun 11, 2024 Â· 7:24 AM UTC",@ConstructionEnq
Renew buys utilities contractor Excalon dlvr.it/T86Qcc,"Jun 11, 2024 Â· 6:36 AM UTC",@ConstructionEnq
"Van Elle fined Â£233,000 after piling rig kills driver dlvr.it/T86Qbt","Jun 11, 2024 Â· 6:36 AM UTC",@ConstructionEnq
Direct delivery model pays off as Murphy profit soars to Â£67m dlvr.it/T86P0B,"Jun 11, 2024 Â· 6:18 AM UTC",@ConstructionEnq
JTRE starts Â£400m 21-floor London tower scheme dlvr.it/T84Clg,"Jun 10, 2024 Â· 9:39 AM UTC",@ConstructionEnq
Bid race starts for up Â£95m repairs to PFI hospital dlvr.it/T83zSY,"Jun 10, 2024 Â· 7:37 AM UTC",@ConstructionEnq
R G Carter construction profits up despite 24% revenue fall dlvr.it/T83xCm,"Jun 10, 2024 Â· 7:12 AM UTC",@ConstructionEnq
Building Safety changes slow down construction recovery dlvr.it/T83xC1,"Jun 10, 2024 Â· 7:12 AM UTC",@ConstructionEnq
Knight Build owed money for work on UKâ€™s poshest street dlvr.it/T83sV1,"Jun 10, 2024 Â· 6:30 AM UTC",@ConstructionEnq
Winvic ranks top of May contracts league dlvr.it/T83sTq,"Jun 10, 2024 Â· 6:30 AM UTC",@ConstructionEnq
Refurbs power London office work to record high dlvr.it/T83sT4,"Jun 10, 2024 Â· 6:30 AM UTC",@ConstructionEnq
M&E firms warn of persistent skills shortages dlvr.it/T7xxd3,"Jun 7, 2024 Â· 7:27 AM UTC",@ConstructionEnq
Scaffolder dies from chemical burns dlvr.it/T7xqst,"Jun 7, 2024 Â· 6:25 AM UTC",@ConstructionEnq
Southern Water names consultants for AMP8 dlvr.it/T7x4TC,"Jun 6, 2024 Â· 8:32 PM UTC",@ConstructionEnq
Wates rejigs businesses as veteran leader retires dlvr.it/T7x4SG,"Jun 6, 2024 Â· 8:32 PM UTC",@ConstructionEnq
Construction buyers see momentum building dlvr.it/T7vZy9,"Jun 6, 2024 Â· 8:48 AM UTC",@ConstructionEnq
Bouygues bags Â£80m London NHS diagnostic centre job dlvr.it/T7vS11,"Jun 6, 2024 Â· 7:39 AM UTC",@ConstructionEnq
London Â£3bn schools framework out to tender dlvr.it/T7vRzc,"Jun 6, 2024 Â· 7:39 AM UTC",@ConstructionEnq
Openreach fined Â£1.34m after engineer drowns in river dlvr.it/T7vMKg,"Jun 6, 2024 Â· 6:51 AM UTC",@ConstructionEnq
Road sweeper firm Go Plant went down owing suppliers Â£4.3m dlvr.it/T7vKSD,"Jun 6, 2024 Â· 6:28 AM UTC",@ConstructionEnq
Glencar bags Â£30m Cambridge lab and office job dlvr.it/T7vKRw,"Jun 6, 2024 Â· 6:28 AM UTC",@ConstructionEnq
Berkeleyâ€™s Â£270m Bath gas works scheme approved dlvr.it/T7vKPL,"Jun 6, 2024 Â· 6:28 AM UTC",@ConstructionEnq
Bids due in to replace Luton Airport car park destroyed by fire dlvr.it/T7scw6,"Jun 5, 2024 Â· 1:09 PM UTC",@ConstructionEnq
Seven secure Â£3bn United Utilities sewage works deal dlvr.it/T7rrmZ,"Jun 5, 2024 Â· 7:16 AM UTC",@ConstructionEnq
Kier FM arm splits into three business streams dlvr.it/T7rrls,"Jun 5, 2024 Â· 7:16 AM UTC",@ConstructionEnq
Plan in for Â£500m London beds and sheds docks scheme dlvr.it/T7rq6H,"Jun 5, 2024 Â· 7:02 AM UTC",@ConstructionEnq
Boot gets nod for Â£110m Walsall warehouse scheme dlvr.it/T7rlwc,"Jun 5, 2024 Â· 6:23 AM UTC",@ConstructionEnq
Surface repair rivals offer lifeline to ex-Merlin staff dlvr.it/T7rlRD,"Jun 5, 2024 Â· 6:17 AM UTC",@ConstructionEnq
Operator trapped on crane boom in London fire dlvr.it/T7qWwL,"Jun 4, 2024 Â· 4:36 PM UTC",@ConstructionEnq
Statom Group wins civils package to transform port site dlvr.it/T7pTbC,"Jun 4, 2024 Â· 8:57 AM UTC",@ConstructionEnq
Swedish giant officially launches UK operation dlvr.it/T7pLQ9,"Jun 4, 2024 Â· 7:45 AM UTC",@ConstructionEnq
Wrekin joins civil engineering products â€œsupergroupâ€ dlvr.it/T7pJsF,"Jun 4, 2024 Â· 7:28 AM UTC",@ConstructionEnq
"Vistry strikes deal to build 1,750 private rental homes dlvr.it/T7pDJW","Jun 4, 2024 Â· 6:42 AM UTC",@ConstructionEnq
Seddon Construction returns to profit dlvr.it/T7pCq8,"Jun 4, 2024 Â· 6:36 AM UTC",@ConstructionEnq
Top construction chiefs call for more foreign workers dlvr.it/T7nfKl,"Jun 3, 2024 Â· 11:05 PM UTC",@ConstructionEnq
Third contractor to finally finish Â£135m Swansea job dlvr.it/T7mmL9,"Jun 3, 2024 Â· 2:59 PM UTC",@ConstructionEnq
JRL plans first Manchester 28 storey resi block dlvr.it/T7lrGz,"Jun 3, 2024 Â· 7:47 AM UTC",@ConstructionEnq
Barratt and Springfield deal to deliver new Scottish village dlvr.it/T7lnZS,"Jun 3, 2024 Â· 7:19 AM UTC",@ConstructionEnq
CR Construction (UK) wins Â£34m historic mill restoration dlvr.it/T7lnYG,"Jun 3, 2024 Â· 7:19 AM UTC",@ConstructionEnq
Weston Homes names next CEO dlvr.it/T7lnV3,"Jun 3, 2024 Â· 7:19 AM UTC",@ConstructionEnq
Staff at surface repair specialist Merlin looking for new jobs dlvr.it/T7lh2P,"Jun 3, 2024 Â· 6:19 AM UTC",@ConstructionEnq
Vigil for worker killed at Berkeley site dlvr.it/T7lgDJ,"Jun 3, 2024 Â· 6:08 AM UTC",@ConstructionEnq
Industry rebar supplies at risk from Chatham Dock scheme dlvr.it/T7dlkT,"May 31, 2024 Â· 7:26 AM UTC",@ConstructionEnq
18 win Â£600m North Wales construction framework dlvr.it/T7djCM,"May 31, 2024 Â· 7:02 AM UTC",@ConstructionEnq
Kier chalks up Â£23m Bradford school job dlvr.it/T7djC5,"May 31, 2024 Â· 7:02 AM UTC",@ConstructionEnq
Manchester 37-storey student tower approved dlvr.it/T7djBl,"May 31, 2024 Â· 7:02 AM UTC",@ConstructionEnq
Galliford Try wins Â£70m Oxford immigration centre dlvr.it/T7dj9c,"May 31, 2024 Â· 7:02 AM UTC",@ConstructionEnq
Subcontractors wanted across Glasgow dlvr.it/T7dfzV,"May 31, 2024 Â· 6:36 AM UTC",@ConstructionEnq
M&E sector leads rise in subcontractor tender activity dlvr.it/T7bB5r,"May 30, 2024 Â· 7:21 AM UTC",@ConstructionEnq
Court fight continues for specialist hit by CCJ blunder dlvr.it/T7bB4R,"May 30, 2024 Â· 7:21 AM UTC",@ConstructionEnq
Funding deal for Salford Michigan Tower job dlvr.it/T7b5sq,"May 30, 2024 Â· 6:34 AM UTC",@ConstructionEnq
Steel contractor Embrace targets Â£100m revenue dlvr.it/T7b5q2,"May 30, 2024 Â· 6:34 AM UTC",@ConstructionEnq
Morgan Sindall bags Â£60m raft of NHS projects dlvr.it/T7YT8p,"May 29, 2024 Â· 1:44 PM UTC",@ConstructionEnq
Peri buys shoring and temporary bridge specialist Mabey Hire dlvr.it/T7Xsyb,"May 29, 2024 Â· 9:21 AM UTC",@ConstructionEnq
Northumbria Uni invites bids for Â£75m CHASE project dlvr.it/T7XcqV,"May 29, 2024 Â· 7:14 AM UTC",@ConstructionEnq
McLaren to build new Hertfordshire primary school dlvr.it/T7XcLt,"May 29, 2024 Â· 7:10 AM UTC",@ConstructionEnq
Civils firm Akela appoints former Robertson director as MD dlvr.it/T7XVwC,"May 29, 2024 Â· 6:11 AM UTC",@ConstructionEnq
Vinci/McAlpine go-ahead for Â£312m Midlands hospitals revamp dlvr.it/T7XVvp,"May 29, 2024 Â· 6:11 AM UTC",@ConstructionEnq
Mount Anvil seals Isle of Dogs estate rebuild dlvr.it/T7XTpS,"May 29, 2024 Â· 6:01 AM UTC",@ConstructionEnq
Developer picked for Stafford town centre regeneration dlvr.it/T7XTnv,"May 29, 2024 Â· 6:01 AM UTC",@ConstructionEnq
Lendlease puts construction arm up for sale dlvr.it/T7VZhN,"May 28, 2024 Â· 11:51 AM UTC",@ConstructionEnq
Caddick steps-in at former Lane End housing job dlvr.it/T7V2SS,"May 28, 2024 Â· 7:35 AM UTC",@ConstructionEnq
BAM wins first phase of North Devon hospital revamp dlvr.it/T7TwjB,"May 28, 2024 Â· 6:35 AM UTC",@ConstructionEnq
Costain A1 Â£260m dualling job finally gets go-ahead dlvr.it/T7Twh7,"May 28, 2024 Â· 6:35 AM UTC",@ConstructionEnq
Plans in for Leeds iconic Tetley building revamp dlvr.it/T7Twfg,"May 28, 2024 Â· 6:35 AM UTC",@ConstructionEnq
Election delays decision on Lower Thames Crossing dlvr.it/T7TvV8,"May 28, 2024 Â· 6:20 AM UTC",@ConstructionEnq
Former Crossrail boss Mark Wild to lead HS2 dlvr.it/T7SwhC,"May 27, 2024 Â· 5:48 PM UTC",@ConstructionEnq
Receivers in at Â£125m Manchester tower developer dlvr.it/T7QwX4,"May 26, 2024 Â· 8:50 PM UTC",@ConstructionEnq
Strabag UK suffers further big trading loss dlvr.it/T7KXg3,"May 24, 2024 Â· 7:11 AM UTC",@ConstructionEnq
Architects now upbeat after 10-months of work gloom dlvr.it/T7KT90,"May 24, 2024 Â· 6:35 AM UTC",@ConstructionEnq
Durham Uni picks UPP for Â£130m student scheme dlvr.it/T7KT64,"May 24, 2024 Â· 6:35 AM UTC",@ConstructionEnq
Kilkern wins drainage deal at Â£480m green energy plant dlvr.it/T7JqBs,"May 23, 2024 Â· 10:09 PM UTC",@ConstructionEnq
Motorist dies after collision with road paver dlvr.it/T7J6gr,"May 23, 2024 Â· 4:02 PM UTC",@ConstructionEnq
McLaren Living appoints HG Construction for Â£69m scheme dlvr.it/T7HXnr,"May 23, 2024 Â· 12:02 PM UTC",@ConstructionEnq
McAlpine pulls out of Â£55m Carlisle Citadels project dlvr.it/T7HQHB,"May 23, 2024 Â· 11:06 AM UTC",@ConstructionEnq
National Grid raises Â£7bn for big infrastructure upgrade dlvr.it/T7H1rV,"May 23, 2024 Â· 7:57 AM UTC",@ConstructionEnq
Hunt starts for nuclear fusion plant construction partner dlvr.it/T7GzVb,"May 23, 2024 Â· 7:30 AM UTC",@ConstructionEnq
Galliford Try to re-enter affordable homes market dlvr.it/T7GwPT,"May 23, 2024 Â· 7:01 AM UTC",@ConstructionEnq
Former Sellar chief to lead civils contractor Kilnbridge dlvr.it/T7GwMm,"May 23, 2024 Â· 7:01 AM UTC",@ConstructionEnq
Squibb liquidator probes Â£2m of â€œmissingâ€ plant dlvr.it/T7GvxS,"May 23, 2024 Â· 6:56 AM UTC",@ConstructionEnq
Grenfell police probe to last at least until end of 2025 dlvr.it/T7GF7D,"May 22, 2024 Â· 10:09 PM UTC",@ConstructionEnq
Quest now offers latest industrial vacuum system dlvr.it/T7FNlf,"May 22, 2024 Â· 3:05 PM UTC",@ConstructionEnq
Mace confirms Â£100m London office retrofit dlvr.it/T7Dp8W,"May 22, 2024 Â· 11:02 AM UTC",@ConstructionEnq
Wylfa chosen for next big nuclear power station build dlvr.it/T7DPqg,"May 22, 2024 Â· 8:01 AM UTC",@ConstructionEnq
Civils contractor A Catlow files administration notice dlvr.it/T7DKDS,"May 22, 2024 Â· 7:09 AM UTC",@ConstructionEnq
Bowmer & Kirkland trading profit halves dlvr.it/T7DK9f,"May 22, 2024 Â· 7:09 AM UTC",@ConstructionEnq
Green light for ARC Oxford lab campus dlvr.it/T7DFp4,"May 22, 2024 Â· 6:33 AM UTC",@ConstructionEnq
Piling specialist Van Elle plans further job cuts dlvr.it/T7DFm5,"May 22, 2024 Â· 6:33 AM UTC",@ConstructionEnq
40% affordable homes target for Labourâ€™s new towns dlvr.it/T7Ccn5,"May 21, 2024 Â· 10:34 PM UTC",@ConstructionEnq
Stonehenge tunnel hit by another legal delay dlvr.it/T7BcF2,"May 21, 2024 Â· 2:14 PM UTC",@ConstructionEnq
Plans go in for huge Olympic Park construction hub dlvr.it/T79ssC,"May 21, 2024 Â· 9:04 AM UTC",@ConstructionEnq
Plan for Â£100m Liverpool Baltic station dlvr.it/T79kt8,"May 21, 2024 Â· 7:59 AM UTC",@ConstructionEnq
Vistry seals Â£157m West London housing deal dlvr.it/T79gL2,"May 21, 2024 Â· 7:20 AM UTC",@ConstructionEnq
Streamlined Watkin Jones returns to profit in first half dlvr.it/T79gGF,"May 21, 2024 Â· 7:20 AM UTC",@ConstructionEnq
Surgo Construction went down owing Â£4.5m dlvr.it/T79Zym,"May 21, 2024 Â· 6:36 AM UTC",@ConstructionEnq
BAM wins Â£33m Kent secondary school job dlvr.it/T79ZvZ,"May 21, 2024 Â· 6:36 AM UTC",@ConstructionEnq
Bellway hires ex-brickie as group construction chief dlvr.it/T79ZrF,"May 21, 2024 Â· 6:36 AM UTC",@ConstructionEnq
Persimmon under fire for delays to Â£10m relief road dlvr.it/T79ZQn,"May 21, 2024 Â· 6:30 AM UTC",@ConstructionEnq
Aluminium cladding specialist collapses dlvr.it/T779ZK,"May 20, 2024 Â· 7:39 AM UTC",@ConstructionEnq
Brickwork contractor Lee Marley returns to profit dlvr.it/T773nH,"May 20, 2024 Â· 6:38 AM UTC",@ConstructionEnq
Farrans makes breakthrough on tricky tunnel job dlvr.it/T773n8,"May 20, 2024 Â· 6:38 AM UTC",@ConstructionEnq
Heidelberg buys aggregates and earthworks specialist B&A dlvr.it/T772pg,"May 20, 2024 Â· 6:27 AM UTC",@ConstructionEnq
Housing contractor Durkan suffers second year of losses dlvr.it/T772n8,"May 20, 2024 Â· 6:27 AM UTC",@ConstructionEnq
Flagship biodiversity net gain scheme flawed dlvr.it/T70v55,"May 17, 2024 Â· 7:58 AM UTC",@ConstructionEnq
Plan in for Â£3bn Lincolnshire mega data centre dlvr.it/T70snN,"May 17, 2024 Â· 7:43 AM UTC",@ConstructionEnq
Â£210m M3 Junction 9 upgrade gains consent dlvr.it/T70sn6,"May 17, 2024 Â· 7:43 AM UTC",@ConstructionEnq
Â£400m Lewisham resi-led scheme advances dlvr.it/T70slW,"May 17, 2024 Â· 7:43 AM UTC",@ConstructionEnq
"Green light for Digbeth 1,300 homes scheme dlvr.it/T70skh","May 17, 2024 Â· 7:43 AM UTC",@ConstructionEnq
United Living wins 14-year L&Q homes repairs deal dlvr.it/T70sk2,"May 17, 2024 Â· 7:43 AM UTC",@ConstructionEnq
McLaren gets go-ahead for Grade II listed Leeds student scheme dlvr.it/T70mJ5,"May 17, 2024 Â· 6:48 AM UTC",@ConstructionEnq
Piling giant to fit people alarms on all rigs dlvr.it/T70kTf,"May 17, 2024 Â· 6:28 AM UTC",@ConstructionEnq
ROCKWOOL launches Fire Barrier EN dlvr.it/T6z3ct,"May 16, 2024 Â· 2:09 PM UTC",@ConstructionEnq
Scaffold training scheme launches new online safety tests dlvr.it/T6z2kv,"May 16, 2024 Â· 2:04 PM UTC",@ConstructionEnq
Land deal paves way for Manchester civl service office hub dlvr.it/T6yFkT,"May 16, 2024 Â· 8:31 AM UTC",@ConstructionEnq
Speller Metcalfe wins Wolverhampton library upgrade dlvr.it/T6y61Q,"May 16, 2024 Â· 7:16 AM UTC",@ConstructionEnq
Green light for Â£80m Leith waterfront revamp dlvr.it/T6y617,"May 16, 2024 Â· 7:15 AM UTC",@ConstructionEnq
Barratt and Redrow shareholders approve Â£2.5bn merger dlvr.it/T6y5zg,"May 16, 2024 Â· 7:15 AM UTC",@ConstructionEnq
Vistry to make Â£800m profit after subcontractor cost cuts dlvr.it/T6y2Ys,"May 16, 2024 Â· 6:40 AM UTC",@ConstructionEnq
Tilbury Douglas clears Interserve legacy to return to profit dlvr.it/T6w05W,"May 15, 2024 Â· 11:50 AM UTC",@ConstructionEnq
Skills shortage puts big infrastructure projects at risk dlvr.it/T6vNn4,"May 15, 2024 Â· 7:16 AM UTC",@ConstructionEnq
Contractors face further insulation board price hikes dlvr.it/T6vNCC,"May 15, 2024 Â· 7:10 AM UTC",@ConstructionEnq
Keltbray hires new head of infrastructure procurement dlvr.it/T6vKGG,"May 15, 2024 Â· 6:39 AM UTC",@ConstructionEnq
Tunnel fit out robot to revolutionise civils work dlvr.it/T6vKF4,"May 15, 2024 Â· 6:39 AM UTC",@ConstructionEnq
Henry Boot wins Â£36m Rotherham Markets job dlvr.it/T6vH7J,"May 15, 2024 Â· 6:15 AM UTC",@ConstructionEnq
Funding deal for Â£86m wind turbine test centre dlvr.it/T6shfc,"May 14, 2024 Â· 2:44 PM UTC",@ConstructionEnq
Caddick names new north east director dlvr.it/T6rl8S,"May 14, 2024 Â· 7:43 AM UTC",@ConstructionEnq
London 25km Super Sewer hooked up for commissioning dlvr.it/T6rgm6,"May 14, 2024 Â· 7:08 AM UTC",@ConstructionEnq
Record results at maintenance specialist Renew dlvr.it/T6rghw,"May 14, 2024 Â· 7:08 AM UTC",@ConstructionEnq
Barhale lands Â£21m shaft scheme for Thames Water dlvr.it/T6rchQ,"May 14, 2024 Â· 6:34 AM UTC",@ConstructionEnq
Plan in for Manchester â€˜upside downâ€™ 18-storey tower dlvr.it/T6rch9,"May 14, 2024 Â· 6:34 AM UTC",@ConstructionEnq
Â£200m Lincoln ring-road approved dlvr.it/T6rcfz,"May 14, 2024 Â· 6:34 AM UTC",@ConstructionEnq
Modular builder TopHat managing director departs dlvr.it/T6f5F3,"May 9, 2024 Â· 2:10 PM UTC",@ConstructionEnq
Graham nets Â£60m stands revamp at Lordâ€™s dlvr.it/T6dqBF,"May 9, 2024 Â· 12:07 PM UTC",@ConstructionEnq
Network Rail names 15 firms for Â£3.5bn Eastern Route Partnership dlvr.it/T6dG1f,"May 9, 2024 Â· 7:25 AM UTC",@ConstructionEnq
33 firms wins spots on Â£3.6bn Northumbrian Water framework dlvr.it/T6dDff,"May 9, 2024 Â· 7:08 AM UTC",@ConstructionEnq
Ready mix concrete giant files administration notice dlvr.it/T6dDfS,"May 9, 2024 Â· 7:08 AM UTC",@ConstructionEnq
Construction boss in court over dodgy van deals dlvr.it/T6dDcn,"May 9, 2024 Â· 7:08 AM UTC",@ConstructionEnq
Expanding Caddick Group tops Â£500m turnover dlvr.it/T6d9V8,"May 9, 2024 Â· 6:32 AM UTC",@ConstructionEnq
Structure Tone returns to profit dlvr.it/T6d94l,"May 9, 2024 Â· 6:27 AM UTC",@ConstructionEnq
Dual student towers plan for Birmingham Gun Quarter dlvr.it/T6d92w,"May 9, 2024 Â· 6:27 AM UTC",@ConstructionEnq
Government set to fund Â£1bn final HS2 London tunnel drive dlvr.it/T6ZhrN,"May 8, 2024 Â· 7:55 AM UTC",@ConstructionEnq
Developer fails hitting London builder and consultants for Â£2.6m dlvr.it/T6ZYyZ,"May 8, 2024 Â· 6:41 AM UTC",@ConstructionEnq
Bidding open for Â£800m professional services framework dlvr.it/T6ZYwz,"May 8, 2024 Â· 6:41 AM UTC",@ConstructionEnq
G&H Group lands Â£10m+ M&E package from JJ Rhatigan dlvr.it/T6ZYXT,"May 8, 2024 Â· 6:35 AM UTC",@ConstructionEnq
Stricken road sweeper specialist rescued dlvr.it/T6ZYVj,"May 8, 2024 Â· 6:35 AM UTC",@ConstructionEnq
Amazon fires up Big-Box market with Â£500m job dlvr.it/T6ZWZD,"May 8, 2024 Â· 6:13 AM UTC",@ConstructionEnq
Costain highways lead joins Buro Happold dlvr.it/T6ZWY1,"May 8, 2024 Â· 6:13 AM UTC",@ConstructionEnq
SRL appoints Mark Eburne as CEO dlvr.it/T6Ym6J,"May 7, 2024 Â· 8:53 PM UTC",@ConstructionEnq
Conquip BulkX makes site excavations easier dlvr.it/T6XRdH,"May 7, 2024 Â· 11:07 AM UTC",@ConstructionEnq
Construction buyers see fastest growth for 14 months dlvr.it/T6XHTv,"May 7, 2024 Â· 9:58 AM UTC",@ConstructionEnq
Trio of builders win Kingâ€™s Award for sustainability dlvr.it/T6X0Kz,"May 7, 2024 Â· 7:30 AM UTC",@ConstructionEnq
Go Modular Technologies files administration notice dlvr.it/T6Wz7Y,"May 7, 2024 Â· 7:17 AM UTC",@ConstructionEnq
Kent police seize huge haul of stolen site tools dlvr.it/T6Wz3h,"May 7, 2024 Â· 7:17 AM UTC",@ConstructionEnq
Cladding firm went down owing supply chain Â£7.7m dlvr.it/T6Ww5x,"May 7, 2024 Â· 6:49 AM UTC",@ConstructionEnq
Rydon dogged by legacy fire safety remediation cost dlvr.it/T6WvPK,"May 7, 2024 Â· 6:40 AM UTC",@ConstructionEnq
Robertson names new Northern construction chiefs dlvr.it/T6WvN2,"May 7, 2024 Â· 6:40 AM UTC",@ConstructionEnq
Carpenter killed by falling timber frame panels dlvr.it/T6MYf0,"May 3, 2024 Â· 12:22 PM UTC",@ConstructionEnq
Anglian Homes rides in to finish crashed Everest contracts dlvr.it/T6M2cv,"May 3, 2024 Â· 8:18 AM UTC",@ConstructionEnq
Final work starts to connect super sewer to London system dlvr.it/T6Lv5Q,"May 3, 2024 Â· 7:03 AM UTC",@ConstructionEnq
Road sweeper specialist files administration notice dlvr.it/T6Lv4W,"May 3, 2024 Â· 7:03 AM UTC",@ConstructionEnq
Legal challenge launched against Â£1.5bn A66 dualling dlvr.it/T6LtjB,"May 3, 2024 Â· 6:58 AM UTC",@ConstructionEnq
McAlpine appoints MD to grow ventures business dlvr.it/T6K36M,"May 2, 2024 Â· 12:59 PM UTC",@ConstructionEnq
John F Hunt wins 24-storey Battersea tower dlvr.it/T6JmJf,"May 2, 2024 Â· 10:58 AM UTC",@ConstructionEnq
William Hare wins steelwork on Â£500m Broadgate towers dlvr.it/T6JhHY,"May 2, 2024 Â· 10:19 AM UTC",@ConstructionEnq
BAM Co-op Live Arena opening delayed yet again dlvr.it/T6JNBJ,"May 2, 2024 Â· 7:49 AM UTC",@ConstructionEnq
Contractors wanted for Â£800m highways deal dlvr.it/T6JKZ0,"May 2, 2024 Â· 7:19 AM UTC",@ConstructionEnq
Turkish insulation panel maker to build Â£45m UK factory dlvr.it/T6JFvW,"May 2, 2024 Â· 6:39 AM UTC",@ConstructionEnq
Galliford Try names group head of infrastructure dlvr.it/T6JF1c,"May 2, 2024 Â· 6:30 AM UTC",@ConstructionEnq
Trio of new products from Altrad RMD Kwikform dlvr.it/T6Gs7L,"May 1, 2024 Â· 3:33 PM UTC",@ConstructionEnq
text,date,user.username
"Gain innovative ideas from across the industry and influence your supply chain in a collaborative effort to reduce carbon throughout the design, build and management of assets. Secure your place on 16-17 July https://bit.ly/3IY97gN","Jun 12, 2024 Â· 11:00 AM UTC",@CNplus
Not long left until entries to the #CNWorkforce Awards 2024 ends 21 June. Don't miss out on this incredible opportunity to showcase and celebrate the people behind the projects of your workforce organisation. Enter now: https://bit.ly/4cVKjn5,"Jun 11, 2024 Â· 7:00 AM UTC",@CNplus
"Join us to discover the latest trends, the developments shaping the sector and the challenges that the sector needs to overcome to meet demand and deliver the next generation of science and research real estate. Find out more: https://bit.ly/3PrzQFV","Jun 7, 2024 Â· 7:00 AM UTC",@CNplus
"ğŸš€ Less than a month to go! Craft your TechFest entry with a compelling story: ğŸŒŸ Begin with your innovationâ€™s sparkğŸ” Detail its standout implementation, and ğŸ† Share the impactful results. Remember, clarity and preparation are key! #TechFestTips https://techfest.newcivilengineer.com/techfest2024/en/page/awards#hints-and-tips","Jun 6, 2024 Â· 7:20 AM UTC",@CNplus
"â°TWO WEEKS LEFT TO ENTER #CNWorkforce Awards 2024  Celebrate success across your business and project teams, reward outstanding work and boost team morale by entering in one or multiple category.  Entries close 21 June 2024 so make a start today! https://bit.ly/4cVKjn5","Jun 5, 2024 Â· 11:00 AM UTC",@CNplus
ğŸš€ Propel your brand to the forefront of the construction & engineering world by sponsoring the TechFest Awards. Connect with industry leaders and showcase your innovations. #TechFestSponsor #BuildTheFuture watch the video to hear from last year's sponsors https://www.youtube.com/watch?v=24syOH4Kg8s,"Jun 4, 2024 Â· 12:00 PM UTC",@CNplus
"Join your peers in celebrating the very best in the industry recognising and rewarding the People, Pride and Passion within construction. Be part of the celebration and book your place today https://bit.ly/3VcuL8d","Jun 4, 2024 Â· 7:00 AM UTC",@CNplus
"Gain practical insights into biodiversity net gain, retrofit solutions, and circular economy principles, empowering you to lead your organisation towards net-zero carbon goals with CN Decarbonising Construction virtual conference on 16-17 July https://bit.ly/3IY97gN","Jun 3, 2024 Â· 11:00 AM UTC",@CNplus
Elevate your organisation's profile and showcase your workforce talent by entering the #CNWorkforce Awards 2024. Celebrating the people behind the projects and submit your entry by Friday 21 June https://bit.ly/4cVKjn5 #constructionnews #innovation #initiatives,"May 31, 2024 Â· 3:02 PM UTC",@CNplus
"Join Construction News and  HSO, for a free webinar to discover how a partnership with Microsoft can ensure you have a 360-degree of your business, all while driving efficiency levels and collaboration across your firm  Register today: https://ow.ly/kWzs50S1Sri","May 31, 2024 Â· 2:00 PM UTC",@CNplus
ğŸŒŸ Dive into a world of ingenuity! Explore last yearâ€™s TechFest Award nominees and get your creative gears turning. Click Find out more. Nominate yourselves or your colleagues #Innovation #Engineering #Construction #Tech https://techfest.newcivilengineer.com/techfest2024/en/page/2023-winners,"May 30, 2024 Â· 7:00 AM UTC",@CNplus
"Lendlease Group is confident of selling its UK operation by the end of next year, it said today after announcing it was withdrawing from construction markets outside of Australia. https://www.constructionnews.co.uk/contractors/lendlease/lendlease-to-pull-out-of-uk-construction-market-28-05-2024/ #building #construction #news","May 28, 2024 Â· 12:59 PM UTC",@CNplus
"Hear Ben Vogel, Charles Pacey, senior associate in Mayer Brownâ€™s construction team and Sasha Pirbhai, partner in the construction team at Devonshires dive into the new Joint Contracts Tribunal suite, in particular the Design and Build family.    Listen now https://ow.ly/nX6j50RQO9n","May 28, 2024 Â· 11:00 AM UTC",@CNplus
A senior executive at construction firm Mace is looking to swap construction for legislation by standing as a Labour candidate in the forthcoming UK general election.  https://www.constructionnews.co.uk/government/mace-director-launches-bid-to-become-labour-mp-24-05-2024/,"May 24, 2024 Â· 12:15 PM UTC",@CNplus
ğŸš€Elevate your companyâ€™s profile and attract top talent by entering the #TechFest2024 Awards. Show the world youâ€™re at the forefront of tech innovation in the built environment. Watch highlights from last year's event for inspiration #TechTalent https://www.youtube.com/watch?v=VFCiznC-AP8&t,"May 23, 2024 Â· 5:01 PM UTC",@CNplus
"The final report of the inquiry into the Grenfell Tower fire will be released in just over three monthsâ€™ time, more than seven years after the tragedy that killed 72 people. https://www.constructionnews.co.uk/buildings/building-safety/date-named-for-publication-of-final-grenfell-report-23-05-2024/","May 23, 2024 Â· 2:48 PM UTC",@CNplus
ğŸ‡ â­ We are delighted to announce the shortlist for the hashtag #CNSpecialists Awards 2024! â­  Thank you to everyone who entered and congratulations to all those who have made the shortlist. To discover our finalists visit our website: https://bit.ly/4aCIlpo,"May 23, 2024 Â· 11:48 AM UTC",@CNplus
Manchester City north stand building firm confirmed https://www.constructionnews.co.uk/buildings/sisk-confirms-300m-man-city-stand-win-23-05-2024/,"May 22, 2024 Â· 11:07 PM UTC",@CNplus
"â³Deadline for Inspiring Women in Construction & Engineering Awards ends midnight!  Showcase your achievement within the industry and celebrate your peers, projects and initiatives. Submit your entry now: https://bit.ly/3Tbxdt7","May 17, 2024 Â· 10:45 AM UTC",@CNplus
Did you miss this announcement on Friday?  We've extended the deadline to enter this year's British Construction Industry Awards to Friday 24 May.  They are the most prestigious in the built environment sector.  Enter now ğŸ‘‰ https://bcia.newcivilengineer.com/2024/en/page/home #BCIAwards #constructionawards,"May 14, 2024 Â· 11:30 AM UTC",@CNplus
â³Don't forget you have next week to submit your entries #IWCE  Showcase your outstanding contribution and reward your team by Friday 17 May! Be in the chance of winning one or multiple awards. https://bit.ly/3Tbxdt7,"May 10, 2024 Â· 7:00 AM UTC",@CNplus
We're delighted @CITB_UK to be sponsoring #CNDecarbonising  Book your place before Friday 10 May to save Â£150 on your conference pass. Delve into the latest strategies driving sustainability in the construction industry on 16-17 July. https://bit.ly/3IY97gN,"May 8, 2024 Â· 3:02 PM UTC",@CNplus
"Mark Reynolds is stepping down as chief executive of Mace after more than 12 years at the helm, amid a massive governance shake-up at the tier one contractor. https://www.constructionnews.co.uk/peoplemoves/mark-reynolds-to-step-down-as-mace-chief-executive-08-05-2024/ #construction #news #mace #building","May 8, 2024 Â· 8:05 AM UTC",@CNplus
"A north-east London hospital the government promised would be built by 2030 is set to miss the deadline, a project boss has admitted. https://www.constructionnews.co.uk/buildings/1bn-hospital-highly-unlikely-to-be-built-by-deadline-03-05-2024/","May 3, 2024 Â· 1:03 PM UTC",@CNplus
*** Time is running out to enter this year's awards! ***  - 10 categories that recognise successfully delivered project outcomes - 9 categories that showcase best practice during project delivery  Complete your entry today - https://bcia.newcivilengineer.com/2024/en/page/home @ICE_engineers #BCIAwards,"May 3, 2024 Â· 7:55 AM UTC",@CNplus
Join this two-day virtual conference and learn what major clients and contractors are doing to decarbonise construction and hear innovative solutions that can be applied to your project today. Save Â£150 when you book before 10 May https://bit.ly/3IY97gN #constructionnews,"May 3, 2024 Â· 7:01 AM UTC",@CNplus
"Bam Construction discovered ductwork problems at its thrice-delayed Â£365m Manchester arena project during acoustic tests last month, Construction News can reveal. https://www.constructionnews.co.uk/sections/news/bam-aware-of-manchester-arena-ductwork-issues-weeks-ago-02-05-2024/ #CoopArena #manchester","May 2, 2024 Â· 12:56 PM UTC",@CNplus
9 days until the entry deadline for this year's British Construction Industry Awards.  Call Sara on 020 3953 2819 or Ben on 020 3953 2653 who will happy to help you with your entry.  https://bcia.newcivilengineer.com/2024/en/page/categories #BCIAwards @ICE_engineers,"May 1, 2024 Â· 7:45 PM UTC",@CNplus
"New podcast on AI in the supply chain. Listen to hear @CNplus deputy editor Ben Vogel, Lee Daggatt, group IT director @wearespeedy and Richard Potter, chief executive @peak_ai, at the Speedy Expo 2024 in Liverpool.  Listen to podcast now https://ow.ly/YBeJ50Rn0bT","Apr 30, 2024 Â· 11:00 AM UTC",@CNplus
ğŸ“¢Sponsor onboard | #CNAwards  We're excited to announce another sponsor to join CN Awards is @AldermoreBank sponsoring Best Product Innovation category 2024. Position your company amongst the best in the industry on 11 July in London. Book your place now https://bit.ly/3VcuL8d,"Apr 25, 2024 Â· 12:30 PM UTC",@CNplus
"2.ğŸ† â€œCalling all tech pioneers in civil engineering & construction! The #TechFest2024 Awards are your stage to shine. With categories celebrating tech-driven progress, this is your chance to highlight your achievements. Enter now and stand out! https://techfest.newcivilengineer.com/techfest2024/en/page/enter-now#enter-now","Apr 24, 2024 Â· 12:01 PM UTC",@CNplus
"UK Parliament renewal leaders quit: Both client-side bodies running the programme to repair the Palace of Westminster are losing their chief executives simultaneously, Construction News has learnt. https://www.constructionnews.co.uk/buildings/parliament-renewal-programme-leaders-quit-22-04-2024/ #construction #parliament","Apr 22, 2024 Â· 12:46 PM UTC",@CNplus
ğŸ“¢Sponsor Spotlight | #CNAwards  We're delighted to announce @buildots is sponsoring Contractor of the Year (turnover Â£500m) category 2024. Showcase your achievements to the wider industry on 11 July in London. Places still available https://bit.ly/3VcuL8d #constructionnews,"Apr 22, 2024 Â· 12:25 PM UTC",@CNplus
"Work to repair parliamentâ€™s tallest structure, the Victoria Tower, faces a yearâ€™s delay due to a botched procurement process https://www.constructionnews.co.uk/buildings/parliament-tower-refurb-delayed-after-tender-blunder-19-04-2024/ #construction #building #parliament","Apr 19, 2024 Â· 11:53 AM UTC",@CNplus
"Contracting firm Geoffrey Osborne has filed for administration, but says it is in talks to sell the business to new owners. https://www.constructionnews.co.uk/financial/administrations/geoffrey-osborne-files-for-administration-19-04-2024/ #construction #Building","Apr 19, 2024 Â· 11:23 AM UTC",@CNplus
ğŸŒŸReady to showcase your innovative solutions in construction and engineering? Enter the #TechFest2024 Awards and gain national recognition for your groundbreaking work! Elevate your brand and be celebrated by industry leaders. #Innovation ğŸŒŸhttps://techfest.newcivilengineer.com/techfest2024/en/page/enter-now#enter-now,"Apr 17, 2024 Â· 12:02 PM UTC",@CNplus
ğŸ“¢New sponsor | CN Awards  We are excited to announce @Tilbury_Douglas is sponsoring the Client of the Year awards 2024. #CNAwards There's still time to book your place and celebrate your achievements with team members and industry experts https://bit.ly/3VcuL8d,"Apr 16, 2024 Â· 12:15 PM UTC",@CNplus
SPONSORED POST | Rethinking the housing crisis â€“ three radical ideas to fix the current trajectory  @cisl_cambridge course director Dr Kayla Friedman on addressing the UK's housing situation    #business #construction #sustainability #sponsoredcontent https://www.constructionnews.co.uk/sponsored/rethinking-the-housing-crisis-three-radical-ideas-to-fix-the-current-trajectory-15-04-2024/,"Apr 15, 2024 Â· 2:24 PM UTC",@CNplus
"ENTRIES ARE NOW OPEN!  Returning for 2024, the #CNWorkforce awards are aimed at recognising the outstanding achievements of those striving to make the construction industry and their organisations great places to work. Discover more https://bit.ly/4cVKjn5 #constructionnews","Apr 15, 2024 Â· 7:00 AM UTC",@CNplus
The final report into the Grenfell Tower fire has been delayed for a third time â€“ with its expected publication now pushed later into the summer. https://www.constructionnews.co.uk/buildings/building-safety/final-grenfell-tower-report-delayed-once-again-11-04-2024/,"Apr 11, 2024 Â· 4:23 PM UTC",@CNplus
text,date,user.username
"Mark your calendars for 19 June! Our webinar, ""Beyond Snagging: Maximising Site Management Workflows with Digital Tools,"" will explore real-world case studies showcasing the power of Trimble's Field View. Don't miss out! https://bit.ly/3yMChgU #DigitalConstruction","Jun 12, 2024 Â· 9:00 AM UTC",@BuildingNews
"â€œBuilding liability orders broaden potential liability exposure forâ€¦ associated companies, which were not directly involved [and] may not even have existed at the time could be held jointly and severally liableâ€ â€“ Sood Sood on #construction #law https://ow.ly/1BKa50SgGVx","Jun 12, 2024 Â· 8:46 AM UTC",@BuildingNews
"Tackle the challenges of decarbonisation and building safety in social housing. Our ""Every Person Counts"" panel will provide expert insights and solutions. ğŸ”— https://bit.ly/3WJMAfv #Decarbonisation #BuildingSafety #HTLive","Jun 12, 2024 Â· 8:10 AM UTC",@BuildingNews
"Join industry leaders at the Building the Future Conference for insights on sustainability, innovation, and collaboration. Explore topics like accelerating the net zero agenda, expediting building safety progress & modernising construction. Register now: https://bit.ly/3WEQk1Z","Jun 12, 2024 Â· 7:35 AM UTC",@BuildingNews
Industry reacts to Conservative Partyâ€™s â€˜unbalancedâ€™ and â€˜frustratingâ€™ manifesto: Modest welcome for Help to Buy relaunch but Tories fail to impress with lack of planning reform dlvr.it/T895d6 #construction #news,"Jun 12, 2024 Â· 7:24 AM UTC",@BuildingNews
Wilkinson Eyreâ€™s plans to redevelop spy tunnels into visitor attraction get City approval: Scheme still needs Camden green light for final sign off dlvr.it/T890F4 #construction #news,"Jun 12, 2024 Â· 6:27 AM UTC",@BuildingNews
"Be part of Building's Top 150 Consultants survey for 2024! Share your insights on market conditions, skills, and industry trends. Submit your details and help create an accurate picture of the sector. [https://bit.ly/4bBoYxQ]","Jun 11, 2024 Â· 2:01 PM UTC",@BuildingNews
Be part of the conversation on accelerating the net zero agenda at the Building the Future Conference. Early-bird tickets are now available â€“ secure your spot today! https://bit.ly/3WEQk1Z #NetZero #SustainableFuture,"Jun 11, 2024 Â· 1:40 PM UTC",@BuildingNews
Sunak pledges to revive Help To Buy at Conservative manifesto launch: Party also pledges to get major infrastructure projects signed off within 12 months dlvr.it/T87GzY #construction #news,"Jun 11, 2024 Â· 1:15 PM UTC",@BuildingNews
Turner & Townsend forecasts tender price inflation to fall to 3% this year: Consultant says falling materials prices and wage inflation behind drop dlvr.it/T87GyC #construction #news,"Jun 11, 2024 Â· 1:15 PM UTC",@BuildingNews
CIBSE appoints Arup board member as new president: Fiona Cousins takes over from Adrian Catchpole dlvr.it/T877bj #construction #news,"Jun 11, 2024 Â· 12:18 PM UTC",@BuildingNews
Main contract award on Â£900m London towers job due this autumn: Development manager Lipton Rogers still to settle on procurement options for 18 Blackfriars project dlvr.it/T877bQ #construction #news,"Jun 11, 2024 Â· 12:18 PM UTC",@BuildingNews
Turner & Townsend forecasts 3% fall in tender price inflation this year: Consultant says falling materials prices and wage inflation behind drop dlvr.it/T877ZN #construction #news,"Jun 11, 2024 Â· 12:18 PM UTC",@BuildingNews
"How can we overcome planning barriers to deliver the homes our country needs? Join our ""A Fair Deal for Housing"" panel at Housing Today Live to find out! ğŸ”—https://bit.ly/3WJMAfv","Jun 11, 2024 Â· 12:00 PM UTC",@BuildingNews
CLC calls on parties to commit to favouring planning approval on smaller sites: Body also demands long-term planning and investment in skills dlvr.it/T870jD #construction #news,"Jun 11, 2024 Â· 11:21 AM UTC",@BuildingNews
Battersea Power Station picks ex-Galliard boss as new chief executive: New chief executive to replace Simon Murphy dlvr.it/T870gz #construction #news,"Jun 11, 2024 Â· 11:21 AM UTC",@BuildingNews
Murphy profit up by half: Firm says direct delivery model and repeat business send bottom line heading north dlvr.it/T86slL #construction #news,"Jun 11, 2024 Â· 10:22 AM UTC",@BuildingNews
Revolutionise your site management workflows with digital tools! Join our webinar on 19 June to discover how Trimble's Viewpoint Field View can take you beyond traditional snagging. Register now: https://bit.ly/3yMChgU #ConstructionTech #SiteManagement,"Jun 11, 2024 Â· 9:01 AM UTC",@BuildingNews
Be at the forefront of housing innovation! Attend Housing Today Live on September 18th for insightful panels and networking opportunities. Get your early-bird tickets now! ğŸ”—https://bit.ly/3WJMAfv #HousingSolutions #HTLive #NetworkingEvent,"Jun 11, 2024 Â· 8:05 AM UTC",@BuildingNews
Don't miss the panel session on modernising the built environment at the Building the Future Conference. Learn about collaborative strategies shaping the future of construction. Early-bird tickets selling fast! https://bit.ly/3WEQk1Z,"Jun 11, 2024 Â· 7:35 AM UTC",@BuildingNews
text,date,user.username
"The SkillBuild qualifiers roll into Wrexham today and Coleg Cambria ğŸ´ó §ó ¢ó ·ó ¬ó ³ó ¿  Good luck to everyone competing, we hope you have a great experience ğŸ€  The top three scoring competitors for each trade category can be found here within a week of the competition ğŸ‘‰ https://bit.ly/3HwQU9L","Jun 11, 2024 Â· 6:38 AM UTC",@GoConstructUK
"Floorlaying apprenticeships - everything you need to know  ğŸ“–  Being able to install high-quality flooring commands a competitive salary ğŸ’·   With experience, qualified floor layers have the potential to earn up to Â£45,000 ğŸ§  Get more info â–¶ï¸  https://bit.ly/FlooringApprenticeships-Everythingyouneedtoknow #flooring","Jun 10, 2024 Â· 6:59 PM UTC",@GoConstructUK
Want to share your knowledge and feel great about yourself? ğŸ¤”  Then it's time you considered being a Go Construct STEM Ambassador. People like Scott are sharing the fantastic opportunities available in construction. Want to know more? ğŸ”—  https://bit.ly/3z9g8nv #VolunteersWeek,"Jun 8, 2024 Â· 5:16 AM UTC",@GoConstructUK
The latest Go Construct #STEM Ambassador virtual training event is now available to book!  This one-hour CPD event is designed to give existing ambassadors the confidence to start inspiring the next generation of #construction professionals. Book now: https://bit.ly/4bJS5Q8,"Jun 7, 2024 Â· 4:27 PM UTC",@GoConstructUK
"If you want to give something back, then you need to consider volunteering. Why not become a Go Construct STEM Ambassador? Anyone working in the industry can be one â€“ whether youâ€™re an apprentice or a company director. Want to know more?  https://bit.ly/3z9g8nv #VolunteersWeek","Jun 6, 2024 Â· 1:20 PM UTC",@GoConstructUK
"The Go Construct STEM Ambassador team was honoured at @STEMLearningUK Ambassadors Partner Celebration event in York lst night. ğŸ™Œ  They won the award for the highest number of volunteers in a sector cohort, as well as being one of five guest speakers. ğŸ¾  #volunteersweek","Jun 6, 2024 Â· 10:19 AM UTC",@GoConstructUK
"ğŸš¨BREAKING NEWSğŸš¨  SkillBuild is delighted to announce a new sponsor for this year's regional qualifiers and National Final. @wienerbergeruk offers one of the industryâ€™s most diverse portfolios of #building solutions, from #bricks and roof tiles to solar panels and piping.","Jun 5, 2024 Â· 5:01 AM UTC",@GoConstructUK
The SkillBuild regional qualifiers roll into Leeds College of Building today! ğŸ› ï¸  Today's event is the 10th of 19 SkillBuild regional qualifiers and will see roof slating and tiling trade competitions take place. Take part in next yearâ€™s competition ğŸ‘‰  https://bit.ly/49I2p9s,"Jun 4, 2024 Â· 7:33 AM UTC",@GoConstructUK
"Celebrating #Pride in construction ğŸŒˆ  The industry is committed to embracing #diversity, equality & inclusion, & creating a working environment where the #LGBTQ+ community is not only respected, but can also thrive & succeed. Find out more ğŸ‘‰  https://bit.ly/3qs8BBi #PrideMonth","Jun 3, 2024 Â· 4:50 PM UTC",@GoConstructUK
SkillBuild history is on display at City College Plymouth â€“ the Painting and Decorating Memorial Wall celebrates 19 years of stunning work from talented learners. ğŸ¨  Register your interest in SkillBuild here: https://bit.ly/49I2p9s Maybe it'll be your work on the wall in 2025?,"May 31, 2024 Â· 4:07 PM UTC",@GoConstructUK
"It's time to interact ğŸ®  https://bit.ly/InteractiveVideoResources  Interested in a career in construction, but not sure which one is right for you?ğŸ’­ğŸ‘·â€â™€ï¸  Weâ€™re bringing you a real taste of the industry through our interactive video resources. ğŸ“¹  #Apprenticeship #ConstructionCareer #CareerTips","May 30, 2024 Â· 4:42 PM UTC",@GoConstructUK
The next generation of construction professionals showcasing their talent  @LewishamCollege in an epic SkillBuild qualifier ğŸ› ï¸ âœ¨   You can find the results here ğŸ‘‰ https://bit.ly/3HwQU9L #ukconstruction,"May 29, 2024 Â· 3:10 PM UTC",@GoConstructUK
"Meet Harry Kipping-Bier a Go Construct STEM Ambassador.  Harry is 17, currently doing his Level 2 Land Service-Based Engineering course within his Apprenticeship at Bircham Newton, NCC England East.  @notgoingtouni","May 28, 2024 Â· 7:50 PM UTC",@GoConstructUK
"Umar is a @notgoingtouni ambassador and an Apprentice at @KPMG   Partnering with @notgoingtouni, they asked Umar to tell us how he found his apprenticeship!   Discover the answer he gave in the above reel.  #apprenticeships #apprentice #apprenticeshiptips","May 24, 2024 Â· 4:12 PM UTC",@GoConstructUK
SkillBuild's latest regional qualifier was held at #Lewisham College with competition across:  â–¶ï¸ Bricklaying â–¶ï¸ Carpentry â–¶ï¸ Joinery â–¶ï¸ Painting and Decorating â–¶ï¸ Plastering â–¶ï¸ Drylining.  This was the 7th of 19 qualifying events building up to the #SkillBuild National Final ğŸ†,"May 23, 2024 Â· 6:44 PM UTC",@GoConstructUK
Kitchen Fitter apprenticeships â€“ A handy guide ğŸ“–  Fitting kitchens is an increasingly important construction trade.   Find out more here: https://bit.ly/KitchenFitterApprentice #apprentice #kitchenfitter #kitchendesign #apprenticeships,"May 22, 2024 Â· 9:54 AM UTC",@GoConstructUK
A regional #SkillBuild qualifier to remember @BurnleyCollege   The results from these trades are now online:  â–¶ï¸ Bricklaying â–¶ï¸ Carpentry â–¶ï¸ Furniture and cabinet making â–¶ï¸ Joinery â–¶ï¸ Painting and decorating â–¶ï¸ Plastering.  You can find them here ğŸ‘‰ https://bit.ly/3HwQU9L,"May 21, 2024 Â· 7:30 PM UTC",@GoConstructUK
"Meet Harry Kipping-Bier a Go Construct STEM Ambassador. Why choose an apprenticeship rather than going to University?  ""University costs more."" ""I can get an equivalent qualification from an apprenticeship.""  ""Always earning, saving a lot more money.""   @notgoingtouni","May 20, 2024 Â· 6:51 PM UTC",@GoConstructUK
The results are in from the SkillBuild regional qualifier @BurnleyCollege  ğŸ¥‡ ğŸ¥ˆ ğŸ¥‰  You can find them here ğŸ‘‰ https://bit.ly/3HwQU9L Huge congratulations to those who finished in the top three places and all of those involved in the event.ğŸ‘  #ukconstruction #SkillBuild,"May 17, 2024 Â· 2:44 PM UTC",@GoConstructUK
"We are pleased to announce the members of Team UK who will be heading to WorldSkills Lyon 2024 to showcase their world-class skills and compete on an international stage, representing the UK. https://bit.ly/4a5a6GU #TeamUK in partnership with @PearsonBTECAppr.","May 8, 2024 Â· 8:03 AM UTC",@worldskillsuk
text,date,user.username
"The June 2024 edition of BIM Today is now live!  This issue explores how #AI is already starting to reshape the built environment and what the future will hold, from design and build to #innovation, #sustainability and jobs  Read your copy now â¬‡  https://bit.ly/4ean3me","Jun 4, 2024 Â· 10:22 AM UTC",@PBC_Today
#icymi New South Wales based construction company #Lendlease is selling its UK and US businesses and exiting international markets to focus on Australian operations https://bit.ly/3wWffUk,"Jun 12, 2024 Â· 12:46 PM UTC",@PBC_Today
"#icymi A study conducted by the @BristolUni in #SouthAfrica has found that #myceliumcomposites, a #biobased #buildingmaterial, can have a greater #environmentalimpact than traditional #concrete https://bit.ly/3KlpxjN","Jun 12, 2024 Â· 12:33 PM UTC",@PBC_Today
.@eonenergyuk's brand new eBook explores how the company is drivingÂ #EVcharging infrastructureÂ forward to allow businesses to benefit from electrified fleets. â¬‡  #EVfleets #Electrification #Energy https://bit.ly/3VFUoNt,"Jun 12, 2024 Â· 11:37 AM UTC",@PBC_Today
TheÂ Biodiversity Net Gain HubÂ is set to offer complete end-to-end service to revolutionise the way developers approach #BNG #biodiversity #environment https://bit.ly/3RoxSay,"Jun 12, 2024 Â· 10:02 AM UTC",@PBC_Today
"#icymi Hire divisional director at @PremierModular , Mark Rooney, examines the need to incorporate repurposed #buildingstock in the national #netzero strategy https://bit.ly/3VuepHX","Jun 12, 2024 Â· 9:40 AM UTC",@PBC_Today
"#icymi Mark Wild, OBE, will bring almost four decades of experience to the #HS2 chief executive role https://bit.ly/4c0MyV7","Jun 12, 2024 Â· 9:27 AM UTC",@PBC_Today
"Construction output in the UK declined in April for the third consecutive month, theÂ @ONSÂ found  #UKConstruction #UKEconomy #BuildingSector https://bit.ly/3XoaayL","Jun 12, 2024 Â· 8:50 AM UTC",@PBC_Today
"Fiona Cousins, who holds several senior roles at #Arup, will take over the @CIBSE  presidency from Adrian Catchpole https://bit.ly/4bS8Kks","Jun 11, 2024 Â· 3:33 PM UTC",@PBC_Today
"The #LiberalDemocrats, led by Sir Ed Davey, have launched their manifesto for the #2024generalelection, with grand plans for #housing and #netzero https://bit.ly/3x192qg","Jun 11, 2024 Â· 3:25 PM UTC",@PBC_Today
"Prime minister Rishi Sunak launched the #Conservativemanifesto  at the Silverstone racing circuit, with the slogan: â€œClear Plan, Bold Action, Secure Futureâ€ https://bit.ly/3VGhEMw #ToryManifesto","Jun 11, 2024 Â· 3:18 PM UTC",@PBC_Today
"Build Warranty GroupÂ takes a close look at the effects of the outcome of the July 4th #election results, which have set the stage for significant #policy changes in the #UKhousingmarket https://bit.ly/4ebTVeh","Jun 11, 2024 Â· 2:05 PM UTC",@PBC_Today
The latestÂ Housing Pipeline ReportÂ from the @HomeBuildersFed has revealed that the number of new #homes and sites given #planning permission has continued to plummet in the 12 months to March 2024  https://bit.ly/3XodTMZ,"Jun 11, 2024 Â· 12:26 PM UTC",@PBC_Today
"#icymi Tech has a huge role to play in tackling the skills and talent shortages. Itâ€™s now up to the #constructionsector to truly unlock the potential of #automation to improve #efficiency, #productivity and accuracy, says Andy Clifton of @TopconGB_IRE https://bit.ly/4aJenA1","Jun 11, 2024 Â· 12:02 PM UTC",@PBC_Today
#icymi Did you miss @ViewpointcsUK 's third and final webinar in the #ConcepttoConstruction series? Read on as we break down the benefits of #digitalworkflowsâ€¦ https://bit.ly/3V7uhyq,"Jun 11, 2024 Â· 10:29 AM UTC",@PBC_Today
"#icymi @thebuildchain  examines how digital #materialsprocurement platforms are shaking up traditional #supplychains, bringing #sustainability to the forefront https://bit.ly/3VktFH5","Jun 11, 2024 Â· 10:05 AM UTC",@PBC_Today
"#icymi The Chartered Institute of #Building @theCIOB  has launched its manifesto ahead of the next UK #generalelectionl2024  on 4 July, outlining how a future government can support the #builtenvironment sector https://bit.ly/3WWENuY","Jun 11, 2024 Â· 9:43 AM UTC",@PBC_Today
Dubaiâ€™s Moro Hub signs deal to deliver smart city solutions for Oman  https://www.digitalconstructiontoday.com/dubais-moro-hub-signs-deal-to-deliver-smart-city-solutions-for-oman/1732/,"Jun 11, 2024 Â· 9:05 AM UTC",@DigitalConToday
".@esh_group will deliver a new #retrofit scheme across the Tees Valley, with local authorities securing around Â£2.1m of Home Upgrade Grant Phase 2 (HUG 2) funding from the Department for Energy, Security and Net Zero  #Energy #Netzero https://bit.ly/4ejxGmM","Jun 11, 2024 Â· 8:53 AM UTC",@PBC_Today
"#icymi #AI is kicking up a storm. Marc Nezet, chief strategy officer & chief division officer of the Operate & Manage Division, @nemetschekgroup , explains why the groupâ€™s introduction of an #AIInnovationHub will restore calm to the #AEC/O sector https://bit.ly/4aCZ9MY","Jun 11, 2024 Â· 6:58 AM UTC",@PBC_Today
"#icymi Vincent Matthews, head of UK marketing at @SFSGroupUK , discusses the benefits of working with a #productmanufacturer in #construction to select an appropriate system solution https://bit.ly/3ytz5Xp","Jun 10, 2024 Â· 3:16 PM UTC",@PBC_Today
The SBM Remax 600 mobile impact crusher uses #artificialintelligence (#AI) to produce aggregate and weighs up to 75 tons https://bit.ly/45pSuor,"Jun 10, 2024 Â· 2:47 PM UTC",@PBC_Today
".@AccuCities is a leading provider of detailed and accurate 3D city models, which are essential tools in various fields such as urban planning and architecture.  Learn how planning consultants can use their 3D city models to enhance workflows â¬‡  https://bit.ly/4aYH63U","Jun 10, 2024 Â· 2:26 PM UTC",@PBC_Today
PBC Today sat down withÂ Residential Fire Protection LtdÂ to discuss how the company has evolved from a small family-owned business to a leading sprinkler provider and a trusted name in #firesafety https://bit.ly/3KDKfvC,"Jun 10, 2024 Â· 2:16 PM UTC",@PBC_Today
"Sarah Meek, of @MatesinMind, discusses the importance of focusing on prevention rather than crisis management and how we can start those crucial conversations around #mentalhealth in #construction https://bit.ly/3S1LWYB #MensHealthWeek","Jun 10, 2024 Â· 2:05 PM UTC",@PBC_Today
".@innovateuk has awarded a grant to support @morgansindallc's bespoke whole life carbon assessment software tool, which is being adapted for @NottmTrentUni #WLCA #NetZero #GreenSkills https://bit.ly/4cgjkkX","Jun 10, 2024 Â· 11:59 AM UTC",@PBC_Today
"A new report from Southern Construction Framework addresses theÂ top challenges for subcontractors over the next 12 months - check out the graph belowâ¬‡  To read the full breakdown, click here: https://www.pbctoday.co.uk/news/hr-skills-news/top-challenges-subcontractors-revealed-scf-report/140261/ #SouthernConstructionFramework #ConstructionUK","Jun 10, 2024 Â· 11:24 AM UTC",@PBC_Today
The @DigitalTwinCon and the Smart Cities Council have announced a â€œsignificant expansionâ€ of their global partnership  https://www.digitalconstructiontoday.com/digital-twin-consortium-and-smart-cities-council-expand-global-partnership/1722/,"Jun 10, 2024 Â· 9:25 AM UTC",@DigitalConToday
Ratio manufactures design-led innovative and robust #EV charging products that are tailor made to its customersâ€™ needs. It continues to be a sustainable business whilst supporting the move to a #netzero #transport industry https://bit.ly/4byi9Ns,"Jun 10, 2024 Â· 11:00 AM UTC",@PBC_Today
.@ArcadisGlobal has forecast higher levels of #construction #inflation from 2026 onwards due to resource constraints and the impact of delayed #procurements on the future shape of the #supplychain https://bit.ly/4ceK1qg,"Jun 10, 2024 Â· 9:42 AM UTC",@PBC_Today
ğŸ‘·â€â™‚ï¸ Men's Health WeekğŸ‘·â€â™‚ï¸ it's time to put a spotlight on the well-being of the men who are the backbone of the building and construction industry. This week is a reminder to take care of not just your physical health but your mental health.ğŸ’ª#MensHealthWeek #ConstructionUK,"Jun 10, 2024 Â· 9:09 AM UTC",@PBC_Today
"Feargal Cleary launched ClearTech Engineered Solutions during a major industry downturn. He knew that traditional operations & models in design and construction would give way to technology-driven,  sustainable models that require leaner operations. https://bit.ly/3WvxwCd","Jun 10, 2024 Â· 8:39 AM UTC",@PBC_Today
"Rob Dawes, the new director of #projectmanagement at @PickEverard , will lead the firmâ€™s Manchester and Leeds offices https://bit.ly/3VtRr3o","Jun 7, 2024 Â· 2:23 PM UTC",@PBC_Today
Keir Starmer and Angela Rayner claimed Labour was the â€œparty of #homeownershipâ€ as they launched the â€˜#FreedomtoBuyâ€™ scheme https://bit.ly/3Kysyxh,"Jun 7, 2024 Â· 2:13 PM UTC",@PBC_Today
"#icymi When it comes to #engineering, something as small as #fixings can often be the most vital part of the biggest projects, as Dr Alastair Soane, principal consultant of @cross_safety, and Fellow of Institution of #StructuralEngineers @IStructE explains https://bit.ly/4ayTeZh","Jun 7, 2024 Â· 1:52 PM UTC",@PBC_Today
"Sector-wide, thereâ€™s an urgent call for #construction businesses to implement robust measures that will prevent and protect them against #cybersecurity risks, says Simon Hughes, SVP of Global Distribution at @CowbellCyber https://bit.ly/3VurWiz","Jun 7, 2024 Â· 1:32 PM UTC",@PBC_Today
"#icymi Tom Wells, head of #EnvironmentalPlanning South at @ITPEnergised , part of SLR, examines the pros and cons of #EnvironmentalOutcomeReports https://bit.ly/3Kc5oNb","Jun 7, 2024 Â· 12:05 PM UTC",@PBC_Today
"#icymi As a date is set for the publication of the phase 2 report on the #Grenfell Tower fire for 4th September, Metropolitan Police have confirmed they do not expect to begin #prosecutions until 2027 at the earliest https://bit.ly/4dXt8lR","Jun 7, 2024 Â· 11:41 AM UTC",@PBC_Today
"Online construction #materialsprocurement platformÂ @thebuildchainÂ is set to grow its team, expand its solution, and reach the next stage of growth after securing its second round of #investment  Find out more â¬‡  https://bit.ly/4edtftt","Jun 7, 2024 Â· 10:23 AM UTC",@PBC_Today
.@rethinkmodular'sÂ Modular AdvantageÂ June 2024 editionÂ features case studies of the winning building projects from its Awards of Distinction contest and examines the successful 2024 World of Modular.  #modular #construction  Click here to read. â¬‡  https://bit.ly/3yZ1yV2,"Jun 7, 2024 Â· 9:44 AM UTC",@PBC_Today
#icymi The proposed National #Infrastructure and Service Transformation Authority (Nista) would â€œbetter support the delivery of #majorcapital projectsâ€ https://bit.ly/3WVWn2e,"Jun 7, 2024 Â· 9:32 AM UTC",@PBC_Today
"#icymi Accurate estimates and transparent processes are essential in #construction. By adopting #digitaltools, #estimators and #fabricators can ensure precision and improve communication among stakeholders, explains @ViewpointcsUK https://bit.ly/3Vkb7a4","Jun 7, 2024 Â· 9:08 AM UTC",@PBC_Today
The first homes using @TravisPerkinsCo WholeHouse platform have been completed in Leicestershire.    #digitalconstruction     Read more here â¬‡ï¸  https://bit.ly/3RiXsxz,"Jun 7, 2024 Â· 8:50 AM UTC",@PBC_Today
"#ICYMI With #AI developing at a rapid rate, it promises to bring dramatic changes to the #constructionindustry. James Bowles, founder of #Freeform4D, outlines some of what to expect and how best to prepare for the future https://bit.ly/3wSwJAZ","Jun 7, 2024 Â· 8:42 AM UTC",@PBC_Today
.@RIBA has published its latest set of horizon scans that highlight how global #population change will shape the #builtenvironment over the next ten years  #Architecture https://bit.ly/3Rg9QOK,"Jun 7, 2024 Â· 7:32 AM UTC",@PBC_Today
#icymi @thebuildchain  discusses how advancements in #dataanalytics are transforming #materialsprocurement in the #constructionindustry https://bit.ly/3R48hDB,"Jun 7, 2024 Â· 7:15 AM UTC",@PBC_Today
The #AEC sector is embracing the trend of #smartbuildings. Sam Norledge of the newly formed #DigitalBuildingsCouncil explores the vital role of #BIM-#IoT integration in the delivery of #digitalbuildings and its alignment with new operational practices https://bit.ly/4e4vmQt,"Jun 6, 2024 Â· 2:19 PM UTC",@PBC_Today
"The @NatRetrofitHub has recently published its guide to #DigitalBuildingLogbooks, which use real-time data and personalised insights to support nationwide #retrofit and inclusive #sustainability https://bit.ly/4edLGhC","Jun 6, 2024 Â· 1:50 PM UTC",@PBC_Today
"An @IEA report has found that global industries are not currently on target to triple #renewables by 2030, one of the â€œcritical actionsâ€ of #COP28 https://bit.ly/3VxtfNP","Jun 6, 2024 Â· 1:18 PM UTC",@PBC_Today
FSi Promat has launched a new #whitepaper highlighting the impact dynamic movement can have on the effectiveness of penetration seals for #firestopping #BuildingControl https://bit.ly/3KviRzG,"Jun 6, 2024 Â· 12:43 PM UTC",@PBC_Today
"The May construction #PMIs revealed that growth in the #UKconstruction sector gained momentum last month, with rising workloads prompting renewed expansions in purchasing activity and #employment https://bit.ly/3VuaLNW","Jun 6, 2024 Â· 11:05 AM UTC",@PBC_Today
"#ICYMI: Many contracting professionals believe that being covered under a clientâ€™s insurance policy provides complete protection. However, this assumption can be misleading and risky, @CWIB_LTD explains  https://bit.ly/3Vbwwlr","Jun 6, 2024 Â· 11:02 AM UTC",@PBC_Today
"#icymi Phase one of the steel works has now commenced on the North Stand, part of the Â£300m refurbishment on Manchester Cityâ€™s #EtihadStadium https://bit.ly/4bOJRG1 @JohnSiskandSon","Jun 6, 2024 Â· 10:33 AM UTC",@PBC_Today
"#icymi Although the #generalelection  was known to be happening this year, Rishi Sunak took the UK by surprise  by setting a date for the 4th July https://bit.ly/3R1nSnd #GeneralElection4thJuly","Jun 6, 2024 Â· 9:46 AM UTC",@PBC_Today
"#icymi 1.5m #constructionworkers in the UK have worked in a dangerous environment whilst suffering from poor #mentalhealth, with nearly 700,000 suffering injuries because of it https://bit.ly/3ywGSnc","Jun 6, 2024 Â· 9:14 AM UTC",@PBC_Today
A new tool released by theÂ BCISÂ is able to measure and report on whole life costs and whole life #carbonemissions at the same time  #Energy https://bit.ly/3RgnzF4,"Jun 6, 2024 Â· 9:06 AM UTC",@PBC_Today
"Aside from dampening our spirits, the past winter has proved to be one of the wettest on record and will have reminded construction industry specifiers of the protection that render finishes can offer against driving rain https://bit.ly/44wpeMp @MarmoxUK","Jun 6, 2024 Â· 8:59 AM UTC",@PBC_Today
"Dean Fazackerley, head of technical procurement at public sector framework provider @LHCprocurement  Group (LHC), reflects on the key takeaways in the development of its latest #energyefficiency framework, #Decarbonisation & #Retrofit (N9) https://bit.ly/3UvAsw5","Jun 6, 2024 Â· 8:52 AM UTC",@PBC_Today
"Innovation in technology, #AI, materials and manufacturing processes will be essential to the transition of the #cement and #concrete industry towards a #netzero future, writes @theGCCA chief executive Thomas Guillot  https://bit.ly/3wUoF2n","Jun 6, 2024 Â· 8:17 AM UTC",@PBC_Today
".@UKBIMFramework, the overarching approach to implementing information management using #BIM in the #UK, has been revamped  Click the link below to read more â¬‡  https://bit.ly/4bJ1xTR","Jun 5, 2024 Â· 2:40 PM UTC",@PBC_Today
"#ICYMI: The use of AI in construction is set to revolutionise the industry, but it wonâ€™t be taking over your job, says Anthony Watson, pre-construction manager at @InsideOBrien https://bit.ly/4dRF6gx","Jun 5, 2024 Â· 1:58 PM UTC",@PBC_Today
text,date,user.username
Bridging the gap: Ibstock encourages more young people to consider career in construction https://ow.ly/zvzn50SgRx6 #construction #apprentices #apprenticeships #Ibstock,"Jun 12, 2024 Â· 11:48 AM UTC",@UKConstructionm
#Construction activity rises at fastest pace in two years during May https://ow.ly/tRC650Sf9L3 #business #pmi #activity,"Jun 11, 2024 Â· 9:09 AM UTC",@UKConstructionm
Major changes to the Building Safety Act: What to look out for https://ow.ly/tXXI50Sbupv #construction #buildingsafety #safetyact #Pexhurst #Grenfell,"Jun 7, 2024 Â· 8:15 AM UTC",@UKConstructionm
Ground-breaking for new Single Living Accommodation at Royal Military Academy Sandhurst https://ow.ly/Si6K50S9mbZ #sandhurst #militaryaccommodation #SLA #construction,"Jun 5, 2024 Â· 9:43 AM UTC",@UKConstructionm
How the Liverpool Waters Project is transforming the city Read more:  https://ow.ly/RXX050S8f3v #peel #Livepool #LiverpoolWaters #rejuvenation #regeneration,"Jun 4, 2024 Â· 3:02 PM UTC",@UKConstructionm
"#Construction is a #cashflow-critical industry, and thatâ€™s the primary reason why #Invoice #Finance, a way of releasing the value of unpaid invoices, works so well. Find out more:  https://ow.ly/8QQI50S8eTu","Jun 4, 2024 Â· 10:40 AM UTC",@UKConstructionm
#COWI has been awarded a design contract by #NetworkRail for a section of the #Transpennine Route Upgrade (TRU) scheme between Stalybridge and Huddersfield. https://ow.ly/r6Wr50RJwIm #construction #infrastructure,"May 17, 2024 Â· 9:48 AM UTC",@UKConstructionm
"The Building Safety Act will bring about changes to culture on a scale never seen before, according to the CEO of Local Authority Building Control #LABC in England and Wales. Read More: https://ow.ly/A7CX50RFocR #buildingsafety #safetyact #construction","May 14, 2024 Â· 9:13 AM UTC",@UKConstructionm
"Troy Kraemer,  Drive System Design @DSD delves into the importance of #electrification within the off-highway sector and how these unique #vehicles can be adapted for electrification. Read more: https://www.ukconstructionmedia.co.uk/features/the-drive-towards-electrifying-the-off-highway-sector/ #construction #constructionvehicles #plant #EV","May 10, 2024 Â· 8:53 AM UTC",@UKConstructionm
The Government Property Agency #GPA has signed #Kier as its initial delivery partner to create a new state-of-the-art hub at the #Darlington Economic Campus. Read more: https://www.ukconstructionmedia.co.uk/news/kier-to-design-new-government-hub-at-darlington/ #publicsector #governmentestate,"May 9, 2024 Â· 8:02 AM UTC",@UKConstructionm
"More than a third of #construction firms are concerned they wonâ€™t be able to trade into 2025, according to a new report from business advisory firm FRP.   Read more: https://www.ukconstructionmedia.co.uk/news/third-of-construction-firms-surveyed-worry-they-wont-last-the-year/ #bust #business #tax #economy","May 8, 2024 Â· 11:35 AM UTC",@UKConstructionm
"#Mitie Care & Custody has been awarded the contract to operate #HMPMillsike, the UKâ€™s first all-electric prison that will provide around 1,500 places. https://ow.ly/ksAX50RyjpK #sustainability #electric #prison","May 7, 2024 Â· 11:02 AM UTC",@UKConstructionm
"National framework provider @Pagabo has announced the 56 suppliers appointed to its brand-new Â£1.6Bn Decarbonisation Solutions Framework, including Morgan Sindall, Kier and Willmott Dixon. https://ow.ly/uQTu50RvqO7","May 3, 2024 Â· 7:37 AM UTC",@UKConstructionm
"A new report by the Association for Project Management (APM), has found the #construction sector of the project management profession has grown by over 20% in five years to contribute Â£33Bn of GVA to the UK economy. https://ow.ly/AiTN50Ruqvh","May 2, 2024 Â· 8:00 AM UTC",@UKConstructionm
Biodiversity Net Gain - How developers can grow a successful strategy Read more:  https://ow.ly/F73L50RteSR #biodiversity #BNG #Developers #construction,"May 1, 2024 Â· 9:25 AM UTC",@UKConstructionm
"Rethinking sustainable construction: a future forged in timber Article from Mila Duncheva, Business Development Manager @StoraEnso Read more: https://ow.ly/TFuA50RoP9I","Apr 26, 2024 Â· 9:30 AM UTC",@UKConstructionm
#Construction #innovation experts at Leeds Beckett University have partnered with #Yorkshireâ€™s largest public sector #procurement framework organisation to drive innovation and boost opportunities for small businesses in the region Read more: https://www.ukconstructionmedia.co.uk/news/leeds-beckett-university-collaboration-to-drive-innovation-in-construction-industry/,"Apr 25, 2024 Â· 8:29 AM UTC",@UKConstructionm
"#BalfourBeatty has confirmed that it has been awarded a contract to construct the new Â£209M #HMPHighland in #Inverness, Scotland, on behalf of the Scottish #Prison Service. https://ow.ly/hFUW50RmTa7 #netzero # supplychain","Apr 24, 2024 Â· 8:02 AM UTC",@UKConstructionm
The Office for National Statistics has published estimates of #construction output for February 2024. https://ow.ly/nk9J50Rm15M #ONS #constructionoutput,"Apr 23, 2024 Â· 10:56 AM UTC",@UKConstructionm
"#SMEs neglect #cybersecurity, making them easy targets for a wide range of attacks, including #phishing and #ransomware. #Hackers, some with basic technical skills, capitalize on these weaknesses. Read more: https://ow.ly/4puZ50RjChc","Apr 19, 2024 Â· 8:30 AM UTC",@UKConstructionm
"Yorkshire-based construction firm, #I&G, part of the wider #SewellGroup, has been appointed by #Leeds Teaching Hospitals NHS Trust to build the new #RobBurrow Centre for Motor Neurone Disease in Leeds; the first of its kind in the UK. https://ow.ly/7GhE50RiNxT #MND","Apr 18, 2024 Â· 8:53 AM UTC",@UKConstructionm
How AI technology is making the construction sector safer Read more: https://www.ukconstructionmedia.co.uk/features/how-ai-technology-is-making-the-construction-sector-safer/,"Apr 8, 2024 Â· 9:10 AM UTC",@UKConstructionm
The #IPA has published a new framework which sets out how #AI will be harnessed to boost productivity in public project delivery. Read more: https://www.ukconstructionmedia.co.uk/news/power-of-ai-to-boost-project-delivery/ #infrastructure #publicsector #tech #innovation #artificialintelligence,"Apr 3, 2024 Â· 12:17 PM UTC",@UKConstructionm
"Plans to transform part of the #EastLincolnshire coast have taken an important step forward, following unilateral approval of the 336-acre sustainable urban extension scheme in #Skegness. Read more: https://www.ukconstructionmedia.co.uk/news/lincolnshire-gateway-approved/ #construction #commercial #redevelopment","Apr 2, 2024 Â· 8:05 AM UTC",@UKConstructionm
An #undergroundmapping startup has brought in more than Â£82m from its latest funding round to help bring #artificialintelligence to the UK #infrastructure industry. Read more: https://ow.ly/VruY50QYsiE #Exodigo,"Mar 21, 2024 Â· 9:03 AM UTC",@UKConstructionm
The #A66 Northern #TransPennine Project application has been granted development consent by the Secretary of State for Transport. Read more: https://www.ukconstructionmedia.co.uk/news/a66-northern-trans-pennine-project-go-ahead/ #infrastructure #levellingup #North,"Mar 19, 2024 Â· 9:00 AM UTC",@UKConstructionm
"In this article, Kingsley Clark, discusses some of the top technological safety interventions to ensure contractors are staying ahead of the game in the new #BuildingSafetyAct era. Read more: https://www.ukconstructionmedia.co.uk/features/revolutionising-construction-safety-the-impact-of-technology/ #healthandsafety #construction","Mar 15, 2024 Â· 9:02 AM UTC",@UKConstructionm
New report outlines #highways and #transportation sector #employment trends Read more:  https://www.ukconstructionmedia.co.uk/news/new-report-outlines-highways-and-transportation-sector-employment-trends/ #infrastructue,"Mar 14, 2024 Â· 11:55 AM UTC",@UKConstructionm
"#Yorkshire-based restoration firm, Henley Restoration and Remedials, has won the contract to complete crucial #restoration work on what is the oldest bank in the UK, The #Roundhouse in Evesham, #Worcestershire. Read more: https://www.ukconstructionmedia.co.uk/news/restoration-work-on-oldest-bank-in-uk/","Mar 13, 2024 Â· 10:24 AM UTC",@UKConstructionm
Â£208M investment in the North to transform towns and cities. Read more: https://ow.ly/HwCC50QR1ca #levellingup #Blackpool #North #Liverpool #BlackburnwithDarwen,"Mar 12, 2024 Â· 10:48 AM UTC",@UKConstructionm
"Millions of people will benefit from more frequent #rail services from central #Birmingham and upgraded stations as work is set to begin on the #MidlandsRailHub, after ministers provided an initial Â£123M funding injection. Read more: https://ow.ly/Zvfi50QOuzP","Mar 8, 2024 Â· 9:46 AM UTC",@UKConstructionm
Almost Â£20M from the Levelling Up Fund will give the former Bridgwater Hospital a new lease of life. Read more: https://ow.ly/PT6C50QNshb #levellingup #hospitals #construction,"Mar 7, 2024 Â· 12:03 PM UTC",@UKConstructionm
"Millions of people in the #North and the #Midlands will benefit from better #publictransport, reduced congestion and upgraded local #bus and #trainstations thanks to the new Â£4.7Bn Local Transport Fund. Read more: https://www.ukconstructionmedia.co.uk/news/4-7bn-to-transform-transport-across-the-north-and-midlands/ #LocalTransportFund #LevellingUp #HS2","Mar 5, 2024 Â· 10:10 AM UTC",@UKConstructionm
"New research shows that the future arrival of #HS2 in the #WestMidlands is already driving huge investor confidence in the region, with data pointing to an economic uplift of Â£10Bn over the next ten years. Read more: https://www.ukconstructionmedia.co.uk/news/hs2-drives-10bn-economic-uplift-in-the-west-midlands/","Mar 1, 2024 Â· 8:59 AM UTC",@UKConstructionm
Construction costs in the UK are predicted to rise by 3 â€“ 3.8% this year  Increases will challenge #construction firms to keep costs under control and projects on track.  The findings are shared in a report published by @Currie&Brown Read more: https://ow.ly/PILg50QJbws,"Feb 29, 2024 Â· 11:12 AM UTC",@UKConstructionm
#BalfourBeatty VINCI moves first huge #HS2 Delta Junction viaduct https://ow.ly/RkMt50QIH7l #construction #infrastructure,"Feb 28, 2024 Â· 11:17 AM UTC",@UKConstructionm
"Pick Everard has revealed it will be helping deliver more than 2,500 school spaces across the Bedford region over the next two years Read more: https://www.ukconstructionmedia.co.uk/news/pick-everard-chosen-for-100m-schools-projects/ #construction #education #Bedford #PickEverard","Feb 27, 2024 Â· 1:30 PM UTC",@UKConstructionm
"In a world first, developers in England are now required to deliver 10% #Biodiversity Net Gain when building new #housing, industrial or commercial #developments. Read more: https://ow.ly/ca2J50QB4OA #BNG #developers","Feb 21, 2024 Â· 12:45 PM UTC",@UKConstructionm
"Some 20,000 new affordable homes will be built across the country thanks to a Â£3Bn increase in a government-backed loan fund. https://ow.ly/4CR050QB0lf","Feb 20, 2024 Â· 10:30 AM UTC",@UKConstructionm
"Big city councils must prioritise #brownfield development, building new homes in right places and protecting the #GreenBelt, says #Housing Secretary Michael Gove. https://ow.ly/14q450QAZZ9","Feb 19, 2024 Â· 10:15 AM UTC",@UKConstructionm
A damning new report from the Public Accounts Committee (PAC) states that HS2 offers â€˜very poor value for money for the taxpayerâ€™ following the cancellation of its latter stages into the North. Read more: https://ow.ly/NBpG50QyRoS,"Feb 16, 2024 Â· 8:15 AM UTC",@UKConstructionm
"The governmentâ€™s rollout of next-generation broadband is steaming ahead with around Â£1.1Bn in contracts now signed to connect 677,000 rural homes and businesses across England. Read more: https://ow.ly/6s6H50QyGEE","Feb 15, 2024 Â· 10:50 AM UTC",@UKConstructionm
Almost nine in every ten construction workers think mental health support is important when choosing their next jobs according to research by @randstad Read more: https://ow.ly/nPae50QyFce,"Feb 14, 2024 Â· 9:40 AM UTC",@UKConstructionm
#NHDG is an industry leader in delivering the high-quality #energyefficiency measures at scale to help the UK strive toward its ambitious #netzero targets. Read more: https://ow.ly/RSZS50QyEUO,"Feb 13, 2024 Â· 9:30 AM UTC",@UKConstructionm
"Some Â£14.2M in funding has been released, with the first #localauthorities approved for #LEVI capital funding. Read more:  https://ow.ly/sX0I50Qyhsw","Feb 12, 2024 Â· 10:40 AM UTC",@UKConstructionm
#Construction business optimism is at a two-year high according to the latest #PMI survey. https://ow.ly/V7WY50Qyfwk,"Feb 9, 2024 Â· 10:40 AM UTC",@UKConstructionm
"#Nuclear power stations could be decommissioned in the future with the help of #SMuRFs, scientists have suggested. Read more: https://ow.ly/ajPB50QwfWX #energy #nuclearenergy #UniversityofGlasgow","Feb 6, 2024 Â· 11:05 AM UTC",@UKConstructionm
State of the Nation: Institution of Civil Engineers encourages infrastructure professionals to renew focus on sustainability goals. Read more: https://ow.ly/qsnq50QvNMA,"Feb 2, 2024 Â· 10:25 AM UTC",@UKConstructionm
Find out how #constructionmanagers can hit their goals using #technology Read more:  https://www.linkedin.com/feed/update/urn:li:activity:7158780832483065857,"Feb 1, 2024 Â· 11:22 AM UTC",@UKConstructionm
"Total #output across the UK #construction industry is set to fall this year, according to the latest forecast from the Building Cost Information Service @BCIS Read more: https://ow.ly/VilB50QtWXi","Jan 30, 2024 Â· 12:45 PM UTC",@UKConstructionm
.@Winvic hasÂ handed over its first project under its Lincolnshire County Council (LCC) #highways framework contract. Read more: https://ow.ly/PO8P50QtVZr,"Jan 29, 2024 Â· 9:55 AM UTC",@UKConstructionm
"Record-breaking #sustainable #office, #Eden, has reached practical completion, creating a new gem on Salfordâ€™s skyline. Read more: https://ow.ly/aW4G50QtvbM","Jan 26, 2024 Â· 12:45 PM UTC",@UKConstructionm
"An additional Â£1.3Bn investment in #SizewellC #nuclear plant has been announced, which will lead the expansion of nuclear #energy in the UK, providing stable, cheaper and more secure power in the long-term. Read more: https://ow.ly/o8aK50QtuxT","Jan 25, 2024 Â· 11:10 AM UTC",@UKConstructionm
"London under-prepared for flooding and extreme heat through climate change, new report warns. Read more: https://ow.ly/C3ZI50Qs4aO @ashden-org","Jan 23, 2024 Â· 9:45 AM UTC",@UKConstructionm
"#Sustainable housing developer EDAROTH, has signed a development agreement with #Bristol City Council to design and deliver 29 affordable homes. Read more: https://ow.ly/nA2n50QrCEG #UNClimateSmartCities #smartcities","Jan 22, 2024 Â· 8:50 AM UTC",@UKConstructionm
"Some Â£5bn worth of contracts will be up for grabs as HS2 stays on track, with more than 30,000 people now employed on the programme. Read more: https://ow.ly/tFSy50QrC3F #HS2 #infrastructure #supplychain","Jan 19, 2024 Â· 10:25 AM UTC",@UKConstructionm
A new report from @mckinsey and @wef reveals that the construction sectorâ€™s carbon dioxide emissions can be reduced by up to 75% Read more: https://ow.ly/AT3550Qpuz6 #circulareconomy #sustainability #construction #carbonemissions,"Jan 18, 2024 Â· 10:35 AM UTC",@UKConstructionm
The latest ONS reporting on construction output has revealed a fall in activity over Autumn 2023. Read more: https://ow.ly/zWUX50Qqn3Z #housing #ONS #constructionactivity #construction #constructionoutput,"Jan 17, 2024 Â· 11:25 AM UTC",@UKConstructionm
"ProjectPay provides payment protection, securing funds and guaranteeing prompt payment for contractors across the building supply chain.  Read more: https://ow.ly/wZ1750Qp6NW #supplychain #building #construction @InnovateUK","Jan 17, 2024 Â· 10:55 AM UTC",@UKConstructionm
"#Engineering industry fails to tackle #smoking: three times more likely to #smoke, according to public health data. Read more: https://ow.ly/scnR50Qp9jk","Jan 16, 2024 Â· 9:25 AM UTC",@UKConstructionm
