,text,date,user.username,Negative,Neutral,Positive
0,OCU buys Scottish civils contractor RJ McLeod dlvr.it/T89Pfx,"Jun 12, 2024 Â· 10:02 AM UTC",@ConstructionEnq,0.040948257,0.92227167,0.036780033
1,Construction output falls for third month running https://www.newsnow.co.uk/share?data=eyJ1cmwiOiJodHRwczovL3d3dy5jb25zdHJ1Y3Rpb25lbnF1aXJlci5jb20vMjAyNC8wNi8xMi9jb25zdHJ1Y3Rpb24tb3V0cHV0LWZhbGxzLWZvci10aGlyZC1tb250aC1ydW5uaW5nLyIsInRpbWVzdGFtcCI6IjE3MTgxNzc5ODMiLCJwdWJOYW1lIjoiQ29uc3RydWN0aW9uIEVucXVpcmVyIiwidGl0bGUiOiJDb25zdHJ1Y3Rpb24gb3V0cHV0IGZhbGxzIGZvciB0aGlyZCBtb250aCBydW5uaW5nIiwicHViSWQiOiJDT05TVFJVQ1RJT05FTlFVSVJFUiIsImlkIjoiMTIzMjUxODI0MiIsImltZ1NpemVzIjp7ImQiOjEsImQyIjoxLCJkbCI6MSwibWwiOjEsImQxIjoxfSwibW5pZCI6IjU4MyJ9&sgt=shv2&sg=1d5b8fcc&utm_medium=shared&utm_source=newsnow&utm_campaign=twitter-x&sid=2 via @NewsNowUK,"Jun 12, 2024 Â· 8:51 AM UTC",@ConstructionEnq,0.21269317,0.74665076,0.040656034
2,Balfour wins design for Â£690m Skye transmission job dlvr.it/T895CQ,"Jun 12, 2024 Â· 7:19 AM UTC",@ConstructionEnq,0.009107603,0.67007697,0.3208154
3,Construction output falls for third month running dlvr.it/T8959H,"Jun 12, 2024 Â· 7:19 AM UTC",@ConstructionEnq,0.56867313,0.4120283,0.019298602
4,Plan in for Leeds 27-storey block of flats dlvr.it/T890pZ,"Jun 12, 2024 Â· 6:33 AM UTC",@ConstructionEnq,0.03106609,0.934748,0.034185886
5,Amey switches kit supplier dlvr.it/T890m6,"Jun 12, 2024 Â· 6:33 AM UTC",@ConstructionEnq,0.088194214,0.8705623,0.041243535
6,Student and resi developer Fortis goes under dlvr.it/T88z7S,"Jun 12, 2024 Â· 6:12 AM UTC",@ConstructionEnq,0.048912916,0.9108753,0.0402118
7,Track workers scatter to avoid runaway rail trolley dlvr.it/T88z72,"Jun 12, 2024 Â· 6:12 AM UTC",@ConstructionEnq,0.17619427,0.78173506,0.04207063
8,Firms readied for Â£1.5bn Parliament estate upkeep deal dlvr.it/T8897M,"Jun 11, 2024 Â· 7:57 PM UTC",@ConstructionEnq,0.034028344,0.91896594,0.04700569
9,Planning for new homes plunges to record low dlvr.it/T86Wwm,"Jun 11, 2024 Â· 7:34 AM UTC",@ConstructionEnq,0.36999065,0.5845036,0.045505755
10,Â£100m Digbeth 33-storey flats job out to bid dlvr.it/T86Wv1,"Jun 11, 2024 Â· 7:34 AM UTC",@ConstructionEnq,0.0794369,0.88528055,0.03528256
11,Ex-Galliard boss to lead Battersea next building phase dlvr.it/T86Vzp,"Jun 11, 2024 Â· 7:24 AM UTC",@ConstructionEnq,0.051037654,0.90343225,0.045530062
12,Renew buys utilities contractor Excalon dlvr.it/T86Qcc,"Jun 11, 2024 Â· 6:36 AM UTC",@ConstructionEnq,0.044638578,0.9167608,0.038600605
13,"Van Elle fined Â£233,000 after piling rig kills driver dlvr.it/T86Qbt","Jun 11, 2024 Â· 6:36 AM UTC",@ConstructionEnq,0.8364587,0.1575183,0.0060229586
14,Direct delivery model pays off as Murphy profit soars to Â£67m dlvr.it/T86P0B,"Jun 11, 2024 Â· 6:18 AM UTC",@ConstructionEnq,0.0044615325,0.2028391,0.7926994
15,JTRE starts Â£400m 21-floor London tower scheme dlvr.it/T84Clg,"Jun 10, 2024 Â· 9:39 AM UTC",@ConstructionEnq,0.033875264,0.913171,0.052953754
16,Bid race starts for up Â£95m repairs to PFI hospital dlvr.it/T83zSY,"Jun 10, 2024 Â· 7:37 AM UTC",@ConstructionEnq,0.122754835,0.84627384,0.03097125
17,R G Carter construction profits up despite 24% revenue fall dlvr.it/T83xCm,"Jun 10, 2024 Â· 7:12 AM UTC",@ConstructionEnq,0.026617736,0.7056068,0.26777545
18,Building Safety changes slow down construction recovery dlvr.it/T83xC1,"Jun 10, 2024 Â· 7:12 AM UTC",@ConstructionEnq,0.4135229,0.5510361,0.035440985
19,Knight Build owed money for work on UKâ€™s poshest street dlvr.it/T83sV1,"Jun 10, 2024 Â· 6:30 AM UTC",@ConstructionEnq,0.54581106,0.42508245,0.029106539
20,Winvic ranks top of May contracts league dlvr.it/T83sTq,"Jun 10, 2024 Â· 6:30 AM UTC",@ConstructionEnq,0.012405223,0.79312986,0.19446494
21,Refurbs power London office work to record high dlvr.it/T83sT4,"Jun 10, 2024 Â· 6:30 AM UTC",@ConstructionEnq,0.026487825,0.82728004,0.14623213
22,M&E firms warn of persistent skills shortages dlvr.it/T7xxd3,"Jun 7, 2024 Â· 7:27 AM UTC",@ConstructionEnq,0.42359996,0.5520431,0.024356978
23,Scaffolder dies from chemical burns dlvr.it/T7xqst,"Jun 7, 2024 Â· 6:25 AM UTC",@ConstructionEnq,0.88068783,0.114539534,0.0047726408
24,Southern Water names consultants for AMP8 dlvr.it/T7x4TC,"Jun 6, 2024 Â· 8:32 PM UTC",@ConstructionEnq,0.046798214,0.9236427,0.029559018
25,Wates rejigs businesses as veteran leader retires dlvr.it/T7x4SG,"Jun 6, 2024 Â· 8:32 PM UTC",@ConstructionEnq,0.041103296,0.91316015,0.045736585
26,Construction buyers see momentum building dlvr.it/T7vZy9,"Jun 6, 2024 Â· 8:48 AM UTC",@ConstructionEnq,0.0097612385,0.80888826,0.18135054
27,Bouygues bags Â£80m London NHS diagnostic centre job dlvr.it/T7vS11,"Jun 6, 2024 Â· 7:39 AM UTC",@ConstructionEnq,0.04069038,0.8748435,0.08446612
28,London Â£3bn schools framework out to tender dlvr.it/T7vRzc,"Jun 6, 2024 Â· 7:39 AM UTC",@ConstructionEnq,0.060838595,0.8929201,0.0462413
29,Openreach fined Â£1.34m after engineer drowns in river dlvr.it/T7vMKg,"Jun 6, 2024 Â· 6:51 AM UTC",@ConstructionEnq,0.8531871,0.14122155,0.0055914
30,Road sweeper firm Go Plant went down owing suppliers Â£4.3m dlvr.it/T7vKSD,"Jun 6, 2024 Â· 6:28 AM UTC",@ConstructionEnq,0.68299615,0.30357224,0.013431637
31,Glencar bags Â£30m Cambridge lab and office job dlvr.it/T7vKRw,"Jun 6, 2024 Â· 6:28 AM UTC",@ConstructionEnq,0.025458202,0.9000607,0.07448108
32,Berkeleyâ€™s Â£270m Bath gas works scheme approved dlvr.it/T7vKPL,"Jun 6, 2024 Â· 6:28 AM UTC",@ConstructionEnq,0.005851672,0.6374,0.3567483
33,Bids due in to replace Luton Airport car park destroyed by fire dlvr.it/T7scw6,"Jun 5, 2024 Â· 1:09 PM UTC",@ConstructionEnq,0.73155785,0.2590945,0.009347575
34,Seven secure Â£3bn United Utilities sewage works deal dlvr.it/T7rrmZ,"Jun 5, 2024 Â· 7:16 AM UTC",@ConstructionEnq,0.01336207,0.7825068,0.20413104
35,Kier FM arm splits into three business streams dlvr.it/T7rrls,"Jun 5, 2024 Â· 7:16 AM UTC",@ConstructionEnq,0.07186892,0.89699286,0.031138202
36,Plan in for Â£500m London beds and sheds docks scheme dlvr.it/T7rq6H,"Jun 5, 2024 Â· 7:02 AM UTC",@ConstructionEnq,0.035980612,0.91637754,0.047641847
37,Boot gets nod for Â£110m Walsall warehouse scheme dlvr.it/T7rlwc,"Jun 5, 2024 Â· 6:23 AM UTC",@ConstructionEnq,0.010018308,0.786783,0.20319876
38,Surface repair rivals offer lifeline to ex-Merlin staff dlvr.it/T7rlRD,"Jun 5, 2024 Â· 6:17 AM UTC",@ConstructionEnq,0.032596793,0.8056846,0.16171864
39,Operator trapped on crane boom in London fire dlvr.it/T7qWwL,"Jun 4, 2024 Â· 4:36 PM UTC",@ConstructionEnq,0.45379537,0.5284817,0.017722866
40,Statom Group wins civils package to transform port site dlvr.it/T7pTbC,"Jun 4, 2024 Â· 8:57 AM UTC",@ConstructionEnq,0.0034586592,0.35417753,0.6423638
41,Swedish giant officially launches UK operation dlvr.it/T7pLQ9,"Jun 4, 2024 Â· 7:45 AM UTC",@ConstructionEnq,0.007353211,0.85065806,0.14198871
42,Wrekin joins civil engineering products â€œsupergroupâ€ dlvr.it/T7pJsF,"Jun 4, 2024 Â· 7:28 AM UTC",@ConstructionEnq,0.027988166,0.89784825,0.07416351
43,"Vistry strikes deal to build 1,750 private rental homes dlvr.it/T7pDJW","Jun 4, 2024 Â· 6:42 AM UTC",@ConstructionEnq,0.012323465,0.9228547,0.06482188
44,Seddon Construction returns to profit dlvr.it/T7pCq8,"Jun 4, 2024 Â· 6:36 AM UTC",@ConstructionEnq,0.0052967346,0.62693167,0.3677716
45,Top construction chiefs call for more foreign workers dlvr.it/T7nfKl,"Jun 3, 2024 Â· 11:05 PM UTC",@ConstructionEnq,0.08104767,0.8394228,0.07952957
46,Third contractor to finally finish Â£135m Swansea job dlvr.it/T7mmL9,"Jun 3, 2024 Â· 2:59 PM UTC",@ConstructionEnq,0.02917196,0.9073205,0.06350754
47,JRL plans first Manchester 28 storey resi block dlvr.it/T7lrGz,"Jun 3, 2024 Â· 7:47 AM UTC",@ConstructionEnq,0.037240956,0.93041867,0.032340337
48,Barratt and Springfield deal to deliver new Scottish village dlvr.it/T7lnZS,"Jun 3, 2024 Â· 7:19 AM UTC",@ConstructionEnq,0.018207036,0.9281259,0.05366712
49,CR Construction (UK) wins Â£34m historic mill restoration dlvr.it/T7lnYG,"Jun 3, 2024 Â· 7:19 AM UTC",@ConstructionEnq,0.0071621845,0.5894707,0.40336716
50,Weston Homes names next CEO dlvr.it/T7lnV3,"Jun 3, 2024 Â· 7:19 AM UTC",@ConstructionEnq,0.02892812,0.92638737,0.044684626
51,Staff at surface repair specialist Merlin looking for new jobs dlvr.it/T7lh2P,"Jun 3, 2024 Â· 6:19 AM UTC",@ConstructionEnq,0.010334052,0.9191591,0.07050681
52,Vigil for worker killed at Berkeley site dlvr.it/T7lgDJ,"Jun 3, 2024 Â· 6:08 AM UTC",@ConstructionEnq,0.6607027,0.3314079,0.007889437
53,Industry rebar supplies at risk from Chatham Dock scheme dlvr.it/T7dlkT,"May 31, 2024 Â· 7:26 AM UTC",@ConstructionEnq,0.7518403,0.24265835,0.0055013597
54,18 win Â£600m North Wales construction framework dlvr.it/T7djCM,"May 31, 2024 Â· 7:02 AM UTC",@ConstructionEnq,0.009491843,0.63605917,0.35444897
55,Kier chalks up Â£23m Bradford school job dlvr.it/T7djC5,"May 31, 2024 Â· 7:02 AM UTC",@ConstructionEnq,0.070593126,0.8833185,0.046088375
56,Manchester 37-storey student tower approved dlvr.it/T7djBl,"May 31, 2024 Â· 7:02 AM UTC",@ConstructionEnq,0.011867592,0.82592535,0.16220705
57,Galliford Try wins Â£70m Oxford immigration centre dlvr.it/T7dj9c,"May 31, 2024 Â· 7:02 AM UTC",@ConstructionEnq,0.015591516,0.7089887,0.2754197
58,Subcontractors wanted across Glasgow dlvr.it/T7dfzV,"May 31, 2024 Â· 6:36 AM UTC",@ConstructionEnq,0.062206075,0.8965529,0.04124103
59,M&E sector leads rise in subcontractor tender activity dlvr.it/T7bB5r,"May 30, 2024 Â· 7:21 AM UTC",@ConstructionEnq,0.004169497,0.5289219,0.4669087
60,Court fight continues for specialist hit by CCJ blunder dlvr.it/T7bB4R,"May 30, 2024 Â· 7:21 AM UTC",@ConstructionEnq,0.29982206,0.68439454,0.015783401
61,Funding deal for Salford Michigan Tower job dlvr.it/T7b5sq,"May 30, 2024 Â· 6:34 AM UTC",@ConstructionEnq,0.017660143,0.93612254,0.04621727
62,Steel contractor Embrace targets Â£100m revenue dlvr.it/T7b5q2,"May 30, 2024 Â· 6:34 AM UTC",@ConstructionEnq,0.008637023,0.784657,0.20670594
63,Morgan Sindall bags Â£60m raft of NHS projects dlvr.it/T7YT8p,"May 29, 2024 Â· 1:44 PM UTC",@ConstructionEnq,0.02381683,0.87676495,0.0994182
64,Peri buys shoring and temporary bridge specialist Mabey Hire dlvr.it/T7Xsyb,"May 29, 2024 Â· 9:21 AM UTC",@ConstructionEnq,0.07009168,0.89864016,0.03126821
65,Northumbria Uni invites bids for Â£75m CHASE project dlvr.it/T7XcqV,"May 29, 2024 Â· 7:14 AM UTC",@ConstructionEnq,0.009295338,0.91585046,0.07485421
66,McLaren to build new Hertfordshire primary school dlvr.it/T7XcLt,"May 29, 2024 Â· 7:10 AM UTC",@ConstructionEnq,0.01502999,0.91815525,0.066814706
67,Civils firm Akela appoints former Robertson director as MD dlvr.it/T7XVwC,"May 29, 2024 Â· 6:11 AM UTC",@ConstructionEnq,0.030608691,0.92385995,0.045531232
68,Vinci/McAlpine go-ahead for Â£312m Midlands hospitals revamp dlvr.it/T7XVvp,"May 29, 2024 Â· 6:11 AM UTC",@ConstructionEnq,0.023197245,0.8959085,0.08089434
69,Mount Anvil seals Isle of Dogs estate rebuild dlvr.it/T7XTpS,"May 29, 2024 Â· 6:01 AM UTC",@ConstructionEnq,0.064171925,0.9040128,0.03181522
70,Developer picked for Stafford town centre regeneration dlvr.it/T7XTnv,"May 29, 2024 Â· 6:01 AM UTC",@ConstructionEnq,0.024562947,0.93362236,0.041814692
71,Lendlease puts construction arm up for sale dlvr.it/T7VZhN,"May 28, 2024 Â· 11:51 AM UTC",@ConstructionEnq,0.04637352,0.91322905,0.040397495
72,Caddick steps-in at former Lane End housing job dlvr.it/T7V2SS,"May 28, 2024 Â· 7:35 AM UTC",@ConstructionEnq,0.046995297,0.9259295,0.027075138
73,BAM wins first phase of North Devon hospital revamp dlvr.it/T7TwjB,"May 28, 2024 Â· 6:35 AM UTC",@ConstructionEnq,0.0052048615,0.50513494,0.48966023
74,Costain A1 Â£260m dualling job finally gets go-ahead dlvr.it/T7Twh7,"May 28, 2024 Â· 6:35 AM UTC",@ConstructionEnq,0.011653505,0.6009891,0.38735735
75,Plans in for Leeds iconic Tetley building revamp dlvr.it/T7Twfg,"May 28, 2024 Â· 6:35 AM UTC",@ConstructionEnq,0.008069434,0.8769791,0.11495145
76,Election delays decision on Lower Thames Crossing dlvr.it/T7TvV8,"May 28, 2024 Â· 6:20 AM UTC",@ConstructionEnq,0.49194652,0.4919536,0.016099885
77,Former Crossrail boss Mark Wild to lead HS2 dlvr.it/T7SwhC,"May 27, 2024 Â· 5:48 PM UTC",@ConstructionEnq,0.05582965,0.9099294,0.03424088
78,Receivers in at Â£125m Manchester tower developer dlvr.it/T7QwX4,"May 26, 2024 Â· 8:50 PM UTC",@ConstructionEnq,0.019392975,0.9216223,0.05898475
79,Strabag UK suffers further big trading loss dlvr.it/T7KXg3,"May 24, 2024 Â· 7:11 AM UTC",@ConstructionEnq,0.8355112,0.15607907,0.008409667
80,Architects now upbeat after 10-months of work gloom dlvr.it/T7KT90,"May 24, 2024 Â· 6:35 AM UTC",@ConstructionEnq,0.008043321,0.32183936,0.6701173
81,Durham Uni picks UPP for Â£130m student scheme dlvr.it/T7KT64,"May 24, 2024 Â· 6:35 AM UTC",@ConstructionEnq,0.03438777,0.918281,0.04733128
82,Kilkern wins drainage deal at Â£480m green energy plant dlvr.it/T7JqBs,"May 23, 2024 Â· 10:09 PM UTC",@ConstructionEnq,0.008094772,0.58085096,0.41105425
83,Motorist dies after collision with road paver dlvr.it/T7J6gr,"May 23, 2024 Â· 4:02 PM UTC",@ConstructionEnq,0.89027685,0.10541583,0.0043072165
84,McLaren Living appoints HG Construction for Â£69m scheme dlvr.it/T7HXnr,"May 23, 2024 Â· 12:02 PM UTC",@ConstructionEnq,0.026905764,0.9313404,0.041753873
85,McAlpine pulls out of Â£55m Carlisle Citadels project dlvr.it/T7HQHB,"May 23, 2024 Â· 11:06 AM UTC",@ConstructionEnq,0.19287199,0.7814501,0.025677897
86,National Grid raises Â£7bn for big infrastructure upgrade dlvr.it/T7H1rV,"May 23, 2024 Â· 7:57 AM UTC",@ConstructionEnq,0.0054438445,0.4491992,0.5453569
87,Hunt starts for nuclear fusion plant construction partner dlvr.it/T7GzVb,"May 23, 2024 Â· 7:30 AM UTC",@ConstructionEnq,0.038664814,0.9320514,0.029283773
88,Galliford Try to re-enter affordable homes market dlvr.it/T7GwPT,"May 23, 2024 Â· 7:01 AM UTC",@ConstructionEnq,0.009840281,0.87171006,0.118449636
89,Former Sellar chief to lead civils contractor Kilnbridge dlvr.it/T7GwMm,"May 23, 2024 Â· 7:01 AM UTC",@ConstructionEnq,0.0717215,0.897722,0.03055646
90,Squibb liquidator probes Â£2m of â€œmissingâ€ plant dlvr.it/T7GvxS,"May 23, 2024 Â· 6:56 AM UTC",@ConstructionEnq,0.3538726,0.62652165,0.019605791
91,Grenfell police probe to last at least until end of 2025 dlvr.it/T7GF7D,"May 22, 2024 Â· 10:09 PM UTC",@ConstructionEnq,0.04709109,0.9162438,0.036665168
92,Quest now offers latest industrial vacuum system dlvr.it/T7FNlf,"May 22, 2024 Â· 3:05 PM UTC",@ConstructionEnq,0.0068672188,0.8125222,0.18061061
93,Mace confirms Â£100m London office retrofit dlvr.it/T7Dp8W,"May 22, 2024 Â· 11:02 AM UTC",@ConstructionEnq,0.023551572,0.90585464,0.070593745
94,Wylfa chosen for next big nuclear power station build dlvr.it/T7DPqg,"May 22, 2024 Â· 8:01 AM UTC",@ConstructionEnq,0.020592218,0.91100353,0.068404265
95,Civils contractor A Catlow files administration notice dlvr.it/T7DKDS,"May 22, 2024 Â· 7:09 AM UTC",@ConstructionEnq,0.1309025,0.8489583,0.020139206
96,Bowmer & Kirkland trading profit halves dlvr.it/T7DK9f,"May 22, 2024 Â· 7:09 AM UTC",@ConstructionEnq,0.090103455,0.8706744,0.03922214
97,Green light for ARC Oxford lab campus dlvr.it/T7DFp4,"May 22, 2024 Â· 6:33 AM UTC",@ConstructionEnq,0.0036646447,0.790055,0.20628037
98,Piling specialist Van Elle plans further job cuts dlvr.it/T7DFm5,"May 22, 2024 Â· 6:33 AM UTC",@ConstructionEnq,0.38574862,0.58569294,0.028558444
99,40% affordable homes target for Labourâ€™s new towns dlvr.it/T7Ccn5,"May 21, 2024 Â· 10:34 PM UTC",@ConstructionEnq,0.026331214,0.7635513,0.21011749
100,Stonehenge tunnel hit by another legal delay dlvr.it/T7BcF2,"May 21, 2024 Â· 2:14 PM UTC",@ConstructionEnq,0.4694294,0.5123274,0.018243195
101,Plans go in for huge Olympic Park construction hub dlvr.it/T79ssC,"May 21, 2024 Â· 9:04 AM UTC",@ConstructionEnq,0.0074914466,0.7835038,0.20900483
102,Plan for Â£100m Liverpool Baltic station dlvr.it/T79kt8,"May 21, 2024 Â· 7:59 AM UTC",@ConstructionEnq,0.032010585,0.9225146,0.04547471
103,Vistry seals Â£157m West London housing deal dlvr.it/T79gL2,"May 21, 2024 Â· 7:20 AM UTC",@ConstructionEnq,0.012214308,0.88207775,0.1057079
104,Streamlined Watkin Jones returns to profit in first half dlvr.it/T79gGF,"May 21, 2024 Â· 7:20 AM UTC",@ConstructionEnq,0.0046131886,0.7287721,0.26661465
105,Surgo Construction went down owing Â£4.5m dlvr.it/T79Zym,"May 21, 2024 Â· 6:36 AM UTC",@ConstructionEnq,0.58766955,0.3926785,0.019651957
106,BAM wins Â£33m Kent secondary school job dlvr.it/T79ZvZ,"May 21, 2024 Â· 6:36 AM UTC",@ConstructionEnq,0.0117890695,0.65666956,0.3315414
107,Bellway hires ex-brickie as group construction chief dlvr.it/T79ZrF,"May 21, 2024 Â· 6:36 AM UTC",@ConstructionEnq,0.044124577,0.91682756,0.039047882
108,Persimmon under fire for delays to Â£10m relief road dlvr.it/T79ZQn,"May 21, 2024 Â· 6:30 AM UTC",@ConstructionEnq,0.60272014,0.38114613,0.01613376
109,Aluminium cladding specialist collapses dlvr.it/T779ZK,"May 20, 2024 Â· 7:39 AM UTC",@ConstructionEnq,0.14110309,0.82217824,0.036718655
110,Brickwork contractor Lee Marley returns to profit dlvr.it/T773nH,"May 20, 2024 Â· 6:38 AM UTC",@ConstructionEnq,0.004937541,0.84173954,0.15332285
111,Farrans makes breakthrough on tricky tunnel job dlvr.it/T773n8,"May 20, 2024 Â· 6:38 AM UTC",@ConstructionEnq,0.0039392533,0.27537474,0.720686
112,Heidelberg buys aggregates and earthworks specialist B&A dlvr.it/T772pg,"May 20, 2024 Â· 6:27 AM UTC",@ConstructionEnq,0.054534685,0.90132254,0.04414278
113,Housing contractor Durkan suffers second year of losses dlvr.it/T772n8,"May 20, 2024 Â· 6:27 AM UTC",@ConstructionEnq,0.7989572,0.19379301,0.007249835
114,Flagship biodiversity net gain scheme flawed dlvr.it/T70v55,"May 17, 2024 Â· 7:58 AM UTC",@ConstructionEnq,0.46385288,0.51831794,0.017829148
115,Plan in for Â£3bn Lincolnshire mega data centre dlvr.it/T70snN,"May 17, 2024 Â· 7:43 AM UTC",@ConstructionEnq,0.015604567,0.8302336,0.15416186
116,Â£210m M3 Junction 9 upgrade gains consent dlvr.it/T70sn6,"May 17, 2024 Â· 7:43 AM UTC",@ConstructionEnq,0.049332112,0.89690435,0.05376358
117,Â£400m Lewisham resi-led scheme advances dlvr.it/T70slW,"May 17, 2024 Â· 7:43 AM UTC",@ConstructionEnq,0.0154044125,0.8737538,0.11084179
118,"Green light for Digbeth 1,300 homes scheme dlvr.it/T70skh","May 17, 2024 Â· 7:43 AM UTC",@ConstructionEnq,0.0060962355,0.8597111,0.13419266
119,United Living wins 14-year L&Q homes repairs deal dlvr.it/T70sk2,"May 17, 2024 Â· 7:43 AM UTC",@ConstructionEnq,0.008176468,0.689731,0.30209255
120,McLaren gets go-ahead for Grade II listed Leeds student scheme dlvr.it/T70mJ5,"May 17, 2024 Â· 6:48 AM UTC",@ConstructionEnq,0.0041101486,0.6836324,0.31225747
121,Piling giant to fit people alarms on all rigs dlvr.it/T70kTf,"May 17, 2024 Â· 6:28 AM UTC",@ConstructionEnq,0.1004566,0.85037297,0.049170468
122,ROCKWOOL launches Fire Barrier EN dlvr.it/T6z3ct,"May 16, 2024 Â· 2:09 PM UTC",@ConstructionEnq,0.05602937,0.90795046,0.03602009
123,Scaffold training scheme launches new online safety tests dlvr.it/T6z2kv,"May 16, 2024 Â· 2:04 PM UTC",@ConstructionEnq,0.014300059,0.8597396,0.12596032
124,Land deal paves way for Manchester civl service office hub dlvr.it/T6yFkT,"May 16, 2024 Â· 8:31 AM UTC",@ConstructionEnq,0.0040169167,0.48916042,0.50682265
125,Speller Metcalfe wins Wolverhampton library upgrade dlvr.it/T6y61Q,"May 16, 2024 Â· 7:16 AM UTC",@ConstructionEnq,0.0034371903,0.37091452,0.62564826
126,Green light for Â£80m Leith waterfront revamp dlvr.it/T6y617,"May 16, 2024 Â· 7:15 AM UTC",@ConstructionEnq,0.0073755435,0.88933545,0.103289
127,Barratt and Redrow shareholders approve Â£2.5bn merger dlvr.it/T6y5zg,"May 16, 2024 Â· 7:15 AM UTC",@ConstructionEnq,0.0043043094,0.5046933,0.4910023
128,Vistry to make Â£800m profit after subcontractor cost cuts dlvr.it/T6y2Ys,"May 16, 2024 Â· 6:40 AM UTC",@ConstructionEnq,0.022304907,0.79997474,0.17772035
129,Tilbury Douglas clears Interserve legacy to return to profit dlvr.it/T6w05W,"May 15, 2024 Â· 11:50 AM UTC",@ConstructionEnq,0.011880273,0.8332507,0.15486903
130,Skills shortage puts big infrastructure projects at risk dlvr.it/T6vNn4,"May 15, 2024 Â· 7:16 AM UTC",@ConstructionEnq,0.7798672,0.20803477,0.012098054
131,Contractors face further insulation board price hikes dlvr.it/T6vNCC,"May 15, 2024 Â· 7:10 AM UTC",@ConstructionEnq,0.31672552,0.6574711,0.025803316
132,Keltbray hires new head of infrastructure procurement dlvr.it/T6vKGG,"May 15, 2024 Â· 6:39 AM UTC",@ConstructionEnq,0.018867003,0.9156418,0.06549124
133,Tunnel fit out robot to revolutionise civils work dlvr.it/T6vKF4,"May 15, 2024 Â· 6:39 AM UTC",@ConstructionEnq,0.021647427,0.7937557,0.18459688
134,Henry Boot wins Â£36m Rotherham Markets job dlvr.it/T6vH7J,"May 15, 2024 Â· 6:15 AM UTC",@ConstructionEnq,0.009766986,0.72411305,0.26612002
135,Funding deal for Â£86m wind turbine test centre dlvr.it/T6shfc,"May 14, 2024 Â· 2:44 PM UTC",@ConstructionEnq,0.016917592,0.90123445,0.08184802
136,Caddick names new north east director dlvr.it/T6rl8S,"May 14, 2024 Â· 7:43 AM UTC",@ConstructionEnq,0.040396668,0.93337643,0.026226878
137,London 25km Super Sewer hooked up for commissioning dlvr.it/T6rgm6,"May 14, 2024 Â· 7:08 AM UTC",@ConstructionEnq,0.024891125,0.9213732,0.05373574
138,Record results at maintenance specialist Renew dlvr.it/T6rghw,"May 14, 2024 Â· 7:08 AM UTC",@ConstructionEnq,0.038466472,0.91341543,0.048118133
139,Barhale lands Â£21m shaft scheme for Thames Water dlvr.it/T6rchQ,"May 14, 2024 Â· 6:34 AM UTC",@ConstructionEnq,0.024272926,0.9301073,0.04561978
140,Plan in for Manchester â€˜upside downâ€™ 18-storey tower dlvr.it/T6rch9,"May 14, 2024 Â· 6:34 AM UTC",@ConstructionEnq,0.029568639,0.90597165,0.064459704
141,Â£200m Lincoln ring-road approved dlvr.it/T6rcfz,"May 14, 2024 Â· 6:34 AM UTC",@ConstructionEnq,0.0144927865,0.8598722,0.12563509
142,Modular builder TopHat managing director departs dlvr.it/T6f5F3,"May 9, 2024 Â· 2:10 PM UTC",@ConstructionEnq,0.06348738,0.89985776,0.036654808
143,Graham nets Â£60m stands revamp at Lordâ€™s dlvr.it/T6dqBF,"May 9, 2024 Â· 12:07 PM UTC",@ConstructionEnq,0.032125503,0.9239175,0.04395707
144,Network Rail names 15 firms for Â£3.5bn Eastern Route Partnership dlvr.it/T6dG1f,"May 9, 2024 Â· 7:25 AM UTC",@ConstructionEnq,0.012698812,0.9202443,0.06705689
145,33 firms wins spots on Â£3.6bn Northumbrian Water framework dlvr.it/T6dDff,"May 9, 2024 Â· 7:08 AM UTC",@ConstructionEnq,0.005273128,0.6695099,0.32521698
146,Ready mix concrete giant files administration notice dlvr.it/T6dDfS,"May 9, 2024 Â· 7:08 AM UTC",@ConstructionEnq,0.07635051,0.8755501,0.04809942
147,Construction boss in court over dodgy van deals dlvr.it/T6dDcn,"May 9, 2024 Â· 7:08 AM UTC",@ConstructionEnq,0.43293634,0.5505058,0.01655789
148,Expanding Caddick Group tops Â£500m turnover dlvr.it/T6d9V8,"May 9, 2024 Â· 6:32 AM UTC",@ConstructionEnq,0.0030526537,0.5560887,0.44085866
149,Structure Tone returns to profit dlvr.it/T6d94l,"May 9, 2024 Â· 6:27 AM UTC",@ConstructionEnq,0.028611569,0.88412064,0.08726782
150,Dual student towers plan for Birmingham Gun Quarter dlvr.it/T6d92w,"May 9, 2024 Â· 6:27 AM UTC",@ConstructionEnq,0.03682166,0.9320795,0.031098843
151,Government set to fund Â£1bn final HS2 London tunnel drive dlvr.it/T6ZhrN,"May 8, 2024 Â· 7:55 AM UTC",@ConstructionEnq,0.011326074,0.8552265,0.13344744
152,Developer fails hitting London builder and consultants for Â£2.6m dlvr.it/T6ZYyZ,"May 8, 2024 Â· 6:41 AM UTC",@ConstructionEnq,0.6845622,0.30174595,0.013691841
153,Bidding open for Â£800m professional services framework dlvr.it/T6ZYwz,"May 8, 2024 Â· 6:41 AM UTC",@ConstructionEnq,0.020830184,0.92132014,0.057849657
154,G&H Group lands Â£10m+ M&E package from JJ Rhatigan dlvr.it/T6ZYXT,"May 8, 2024 Â· 6:35 AM UTC",@ConstructionEnq,0.0051132496,0.8772008,0.1176859
155,Stricken road sweeper specialist rescued dlvr.it/T6ZYVj,"May 8, 2024 Â· 6:35 AM UTC",@ConstructionEnq,0.03762018,0.8580963,0.10428346
156,Amazon fires up Big-Box market with Â£500m job dlvr.it/T6ZWZD,"May 8, 2024 Â· 6:13 AM UTC",@ConstructionEnq,0.05118662,0.56348014,0.38533327
157,Costain highways lead joins Buro Happold dlvr.it/T6ZWY1,"May 8, 2024 Â· 6:13 AM UTC",@ConstructionEnq,0.03341381,0.91971236,0.04687381
158,SRL appoints Mark Eburne as CEO dlvr.it/T6Ym6J,"May 7, 2024 Â· 8:53 PM UTC",@ConstructionEnq,0.015277481,0.91051656,0.074206
159,Conquip BulkX makes site excavations easier dlvr.it/T6XRdH,"May 7, 2024 Â· 11:07 AM UTC",@ConstructionEnq,0.0048043556,0.26652503,0.72867066
160,Construction buyers see fastest growth for 14 months dlvr.it/T6XHTv,"May 7, 2024 Â· 9:58 AM UTC",@ConstructionEnq,0.002583294,0.2541953,0.7432214
161,Trio of builders win Kingâ€™s Award for sustainability dlvr.it/T6X0Kz,"May 7, 2024 Â· 7:30 AM UTC",@ConstructionEnq,0.002405812,0.30928534,0.68830884
162,Go Modular Technologies files administration notice dlvr.it/T6Wz7Y,"May 7, 2024 Â· 7:17 AM UTC",@ConstructionEnq,0.0976905,0.8679655,0.034344006
163,Kent police seize huge haul of stolen site tools dlvr.it/T6Wz3h,"May 7, 2024 Â· 7:17 AM UTC",@ConstructionEnq,0.5330035,0.44220605,0.024790427
164,Cladding firm went down owing supply chain Â£7.7m dlvr.it/T6Ww5x,"May 7, 2024 Â· 6:49 AM UTC",@ConstructionEnq,0.67135555,0.31404546,0.014598955
165,Rydon dogged by legacy fire safety remediation cost dlvr.it/T6WvPK,"May 7, 2024 Â· 6:40 AM UTC",@ConstructionEnq,0.28995416,0.683215,0.02683075
166,Robertson names new Northern construction chiefs dlvr.it/T6WvN2,"May 7, 2024 Â· 6:40 AM UTC",@ConstructionEnq,0.0475871,0.9252544,0.027158517
167,Carpenter killed by falling timber frame panels dlvr.it/T6MYf0,"May 3, 2024 Â· 12:22 PM UTC",@ConstructionEnq,0.8515896,0.14402801,0.004382361
168,Anglian Homes rides in to finish crashed Everest contracts dlvr.it/T6M2cv,"May 3, 2024 Â· 8:18 AM UTC",@ConstructionEnq,0.10366942,0.8596098,0.036720745
169,Final work starts to connect super sewer to London system dlvr.it/T6Lv5Q,"May 3, 2024 Â· 7:03 AM UTC",@ConstructionEnq,0.04903171,0.91379946,0.037168823
170,Road sweeper specialist files administration notice dlvr.it/T6Lv4W,"May 3, 2024 Â· 7:03 AM UTC",@ConstructionEnq,0.16565028,0.8069688,0.027380856
171,Legal challenge launched against Â£1.5bn A66 dualling dlvr.it/T6LtjB,"May 3, 2024 Â· 6:58 AM UTC",@ConstructionEnq,0.47455737,0.5099941,0.015448492
172,McAlpine appoints MD to grow ventures business dlvr.it/T6K36M,"May 2, 2024 Â· 12:59 PM UTC",@ConstructionEnq,0.00983952,0.84292084,0.14723967
173,John F Hunt wins 24-storey Battersea tower dlvr.it/T6JmJf,"May 2, 2024 Â· 10:58 AM UTC",@ConstructionEnq,0.014843107,0.8099132,0.1752437
174,William Hare wins steelwork on Â£500m Broadgate towers dlvr.it/T6JhHY,"May 2, 2024 Â· 10:19 AM UTC",@ConstructionEnq,0.007944955,0.6769061,0.31514898
175,BAM Co-op Live Arena opening delayed yet again dlvr.it/T6JNBJ,"May 2, 2024 Â· 7:49 AM UTC",@ConstructionEnq,0.48007023,0.49568182,0.024247939
176,Contractors wanted for Â£800m highways deal dlvr.it/T6JKZ0,"May 2, 2024 Â· 7:19 AM UTC",@ConstructionEnq,0.06342938,0.90108776,0.03548288
177,Turkish insulation panel maker to build Â£45m UK factory dlvr.it/T6JFvW,"May 2, 2024 Â· 6:39 AM UTC",@ConstructionEnq,0.05250306,0.90840304,0.03909393
178,Galliford Try names group head of infrastructure dlvr.it/T6JF1c,"May 2, 2024 Â· 6:30 AM UTC",@ConstructionEnq,0.07531338,0.88911057,0.03557603
179,Trio of new products from Altrad RMD Kwikform dlvr.it/T6Gs7L,"May 1, 2024 Â· 3:33 PM UTC",@ConstructionEnq,0.008360992,0.9229647,0.068674386
180,text,date,user.username,0.25457582,0.51131296,0.23411128
181,"Gain innovative ideas from across the industry and influence your supply chain in a collaborative effort to reduce carbon throughout the design, build and management of assets. Secure your place on 16-17 July https://bit.ly/3IY97gN","Jun 12, 2024 Â· 11:00 AM UTC",@CNplus,0.0056601893,0.29161912,0.70272076
182,Not long left until entries to the #CNWorkforce Awards 2024 ends 21 June. Don't miss out on this incredible opportunity to showcase and celebrate the people behind the projects of your workforce organisation. Enter now: https://bit.ly/4cVKjn5,"Jun 11, 2024 Â· 7:00 AM UTC",@CNplus,0.001016189,0.032341216,0.9666426
183,"Join us to discover the latest trends, the developments shaping the sector and the challenges that the sector needs to overcome to meet demand and deliver the next generation of science and research real estate. Find out more: https://bit.ly/3PrzQFV","Jun 7, 2024 Â· 7:00 AM UTC",@CNplus,0.0058826674,0.58786297,0.40625432
184,"ğŸš€ Less than a month to go! Craft your TechFest entry with a compelling story: ğŸŒŸ Begin with your innovationâ€™s sparkğŸ” Detail its standout implementation, and ğŸ† Share the impactful results. Remember, clarity and preparation are key! #TechFestTips https://techfest.newcivilengineer.com/techfest2024/en/page/awards#hints-and-tips","Jun 6, 2024 Â· 7:20 AM UTC",@CNplus,0.002253251,0.12888406,0.8688627
185,"â°TWO WEEKS LEFT TO ENTER #CNWorkforce Awards 2024  Celebrate success across your business and project teams, reward outstanding work and boost team morale by entering in one or multiple category.  Entries close 21 June 2024 so make a start today! https://bit.ly/4cVKjn5","Jun 5, 2024 Â· 11:00 AM UTC",@CNplus,0.0015006847,0.0781408,0.92035854
186,ğŸš€ Propel your brand to the forefront of the construction & engineering world by sponsoring the TechFest Awards. Connect with industry leaders and showcase your innovations. #TechFestSponsor #BuildTheFuture watch the video to hear from last year's sponsors https://www.youtube.com/watch?v=24syOH4Kg8s,"Jun 4, 2024 Â· 12:00 PM UTC",@CNplus,0.0022935069,0.20190746,0.7957991
187,"Join your peers in celebrating the very best in the industry recognising and rewarding the People, Pride and Passion within construction. Be part of the celebration and book your place today https://bit.ly/3VcuL8d","Jun 4, 2024 Â· 7:00 AM UTC",@CNplus,0.0008608795,0.029132772,0.97000635
188,"Gain practical insights into biodiversity net gain, retrofit solutions, and circular economy principles, empowering you to lead your organisation towards net-zero carbon goals with CN Decarbonising Construction virtual conference on 16-17 July https://bit.ly/3IY97gN","Jun 3, 2024 Â· 11:00 AM UTC",@CNplus,0.00334487,0.3538874,0.64276767
189,Elevate your organisation's profile and showcase your workforce talent by entering the #CNWorkforce Awards 2024. Celebrating the people behind the projects and submit your entry by Friday 21 June https://bit.ly/4cVKjn5 #constructionnews #innovation #initiatives,"May 31, 2024 Â· 3:02 PM UTC",@CNplus,0.0015261502,0.14221407,0.85625976
190,"Join Construction News and  HSO, for a free webinar to discover how a partnership with Microsoft can ensure you have a 360-degree of your business, all while driving efficiency levels and collaboration across your firm  Register today: https://ow.ly/kWzs50S1Sri","May 31, 2024 Â· 2:00 PM UTC",@CNplus,0.0017305993,0.124942034,0.8733274
191,ğŸŒŸ Dive into a world of ingenuity! Explore last yearâ€™s TechFest Award nominees and get your creative gears turning. Click Find out more. Nominate yourselves or your colleagues #Innovation #Engineering #Construction #Tech https://techfest.newcivilengineer.com/techfest2024/en/page/2023-winners,"May 30, 2024 Â· 7:00 AM UTC",@CNplus,0.0026221655,0.19642106,0.8009568
192,"Lendlease Group is confident of selling its UK operation by the end of next year, it said today after announcing it was withdrawing from construction markets outside of Australia. https://www.constructionnews.co.uk/contractors/lendlease/lendlease-to-pull-out-of-uk-construction-market-28-05-2024/ #building #construction #news","May 28, 2024 Â· 12:59 PM UTC",@CNplus,0.0063987733,0.35774517,0.6358561
193,"Hear Ben Vogel, Charles Pacey, senior associate in Mayer Brownâ€™s construction team and Sasha Pirbhai, partner in the construction team at Devonshires dive into the new Joint Contracts Tribunal suite, in particular the Design and Build family.    Listen now https://ow.ly/nX6j50RQO9n","May 28, 2024 Â· 11:00 AM UTC",@CNplus,0.03281121,0.87447596,0.092712805
194,A senior executive at construction firm Mace is looking to swap construction for legislation by standing as a Labour candidate in the forthcoming UK general election.  https://www.constructionnews.co.uk/government/mace-director-launches-bid-to-become-labour-mp-24-05-2024/,"May 24, 2024 Â· 12:15 PM UTC",@CNplus,0.04452901,0.8815523,0.07391869
195,ğŸš€Elevate your companyâ€™s profile and attract top talent by entering the #TechFest2024 Awards. Show the world youâ€™re at the forefront of tech innovation in the built environment. Watch highlights from last year's event for inspiration #TechTalent https://www.youtube.com/watch?v=VFCiznC-AP8&t,"May 23, 2024 Â· 5:01 PM UTC",@CNplus,0.0017357537,0.11499509,0.8832692
196,"The final report of the inquiry into the Grenfell Tower fire will be released in just over three monthsâ€™ time, more than seven years after the tragedy that killed 72 people. https://www.constructionnews.co.uk/buildings/building-safety/date-named-for-publication-of-final-grenfell-report-23-05-2024/","May 23, 2024 Â· 2:48 PM UTC",@CNplus,0.5594036,0.40338227,0.03721416
197,ğŸ‡ â­ We are delighted to announce the shortlist for the hashtag #CNSpecialists Awards 2024! â­  Thank you to everyone who entered and congratulations to all those who have made the shortlist. To discover our finalists visit our website: https://bit.ly/4aCIlpo,"May 23, 2024 Â· 11:48 AM UTC",@CNplus,0.0007339665,0.013468848,0.9857972
198,Manchester City north stand building firm confirmed https://www.constructionnews.co.uk/buildings/sisk-confirms-300m-man-city-stand-win-23-05-2024/,"May 22, 2024 Â· 11:07 PM UTC",@CNplus,0.019290159,0.81272,0.16798985
199,"â³Deadline for Inspiring Women in Construction & Engineering Awards ends midnight!  Showcase your achievement within the industry and celebrate your peers, projects and initiatives. Submit your entry now: https://bit.ly/3Tbxdt7","May 17, 2024 Â· 10:45 AM UTC",@CNplus,0.0017783854,0.13213955,0.86608213
200,Did you miss this announcement on Friday?  We've extended the deadline to enter this year's British Construction Industry Awards to Friday 24 May.  They are the most prestigious in the built environment sector.  Enter now ğŸ‘‰ https://bcia.newcivilengineer.com/2024/en/page/home #BCIAwards #constructionawards,"May 14, 2024 Â· 11:30 AM UTC",@CNplus,0.0028446233,0.13570186,0.86145353
201,â³Don't forget you have next week to submit your entries #IWCE  Showcase your outstanding contribution and reward your team by Friday 17 May! Be in the chance of winning one or multiple awards. https://bit.ly/3Tbxdt7,"May 10, 2024 Â· 7:00 AM UTC",@CNplus,0.0015347389,0.075083025,0.9233822
202,We're delighted @CITB_UK to be sponsoring #CNDecarbonising  Book your place before Friday 10 May to save Â£150 on your conference pass. Delve into the latest strategies driving sustainability in the construction industry on 16-17 July. https://bit.ly/3IY97gN,"May 8, 2024 Â· 3:02 PM UTC",@CNplus,0.0008929197,0.025307639,0.9737994
203,"Mark Reynolds is stepping down as chief executive of Mace after more than 12 years at the helm, amid a massive governance shake-up at the tier one contractor. https://www.constructionnews.co.uk/peoplemoves/mark-reynolds-to-step-down-as-mace-chief-executive-08-05-2024/ #construction #news #mace #building","May 8, 2024 Â· 8:05 AM UTC",@CNplus,0.17533247,0.75998783,0.06467972
204,"A north-east London hospital the government promised would be built by 2030 is set to miss the deadline, a project boss has admitted. https://www.constructionnews.co.uk/buildings/1bn-hospital-highly-unlikely-to-be-built-by-deadline-03-05-2024/","May 3, 2024 Â· 1:03 PM UTC",@CNplus,0.691613,0.28356895,0.024818055
205,*** Time is running out to enter this year's awards! ***  - 10 categories that recognise successfully delivered project outcomes - 9 categories that showcase best practice during project delivery  Complete your entry today - https://bcia.newcivilengineer.com/2024/en/page/home @ICE_engineers #BCIAwards,"May 3, 2024 Â· 7:55 AM UTC",@CNplus,0.0067209327,0.2713878,0.7218913
206,Join this two-day virtual conference and learn what major clients and contractors are doing to decarbonise construction and hear innovative solutions that can be applied to your project today. Save Â£150 when you book before 10 May https://bit.ly/3IY97gN #constructionnews,"May 3, 2024 Â· 7:01 AM UTC",@CNplus,0.00770081,0.32946756,0.66283154
207,"Bam Construction discovered ductwork problems at its thrice-delayed Â£365m Manchester arena project during acoustic tests last month, Construction News can reveal. https://www.constructionnews.co.uk/sections/news/bam-aware-of-manchester-arena-ductwork-issues-weeks-ago-02-05-2024/ #CoopArena #manchester","May 2, 2024 Â· 12:56 PM UTC",@CNplus,0.7525873,0.23206547,0.015347156
208,9 days until the entry deadline for this year's British Construction Industry Awards.  Call Sara on 020 3953 2819 or Ben on 020 3953 2653 who will happy to help you with your entry.  https://bcia.newcivilengineer.com/2024/en/page/categories #BCIAwards @ICE_engineers,"May 1, 2024 Â· 7:45 PM UTC",@CNplus,0.009018197,0.46985504,0.52112675
209,"New podcast on AI in the supply chain. Listen to hear @CNplus deputy editor Ben Vogel, Lee Daggatt, group IT director @wearespeedy and Richard Potter, chief executive @peak_ai, at the Speedy Expo 2024 in Liverpool.  Listen to podcast now https://ow.ly/YBeJ50Rn0bT","Apr 30, 2024 Â· 11:00 AM UTC",@CNplus,0.0041952897,0.5531708,0.44263396
210,ğŸ“¢Sponsor onboard | #CNAwards  We're excited to announce another sponsor to join CN Awards is @AldermoreBank sponsoring Best Product Innovation category 2024. Position your company amongst the best in the industry on 11 July in London. Book your place now https://bit.ly/3VcuL8d,"Apr 25, 2024 Â· 12:30 PM UTC",@CNplus,0.0006304068,0.025136542,0.97423303
211,"2.ğŸ† â€œCalling all tech pioneers in civil engineering & construction! The #TechFest2024 Awards are your stage to shine. With categories celebrating tech-driven progress, this is your chance to highlight your achievements. Enter now and stand out! https://techfest.newcivilengineer.com/techfest2024/en/page/enter-now#enter-now","Apr 24, 2024 Â· 12:01 PM UTC",@CNplus,0.00086576445,0.051019628,0.94811463
212,"UK Parliament renewal leaders quit: Both client-side bodies running the programme to repair the Palace of Westminster are losing their chief executives simultaneously, Construction News has learnt. https://www.constructionnews.co.uk/buildings/parliament-renewal-programme-leaders-quit-22-04-2024/ #construction #parliament","Apr 22, 2024 Â· 12:46 PM UTC",@CNplus,0.72463584,0.25449184,0.020872258
213,ğŸ“¢Sponsor Spotlight | #CNAwards  We're delighted to announce @buildots is sponsoring Contractor of the Year (turnover Â£500m) category 2024. Showcase your achievements to the wider industry on 11 July in London. Places still available https://bit.ly/3VcuL8d #constructionnews,"Apr 22, 2024 Â· 12:25 PM UTC",@CNplus,0.000788282,0.029485602,0.9697261
214,"Work to repair parliamentâ€™s tallest structure, the Victoria Tower, faces a yearâ€™s delay due to a botched procurement process https://www.constructionnews.co.uk/buildings/parliament-tower-refurb-delayed-after-tender-blunder-19-04-2024/ #construction #building #parliament","Apr 19, 2024 Â· 11:53 AM UTC",@CNplus,0.7291836,0.24522251,0.02559393
215,"Contracting firm Geoffrey Osborne has filed for administration, but says it is in talks to sell the business to new owners. https://www.constructionnews.co.uk/financial/administrations/geoffrey-osborne-files-for-administration-19-04-2024/ #construction #Building","Apr 19, 2024 Â· 11:23 AM UTC",@CNplus,0.11162235,0.84802085,0.04035681
216,ğŸŒŸReady to showcase your innovative solutions in construction and engineering? Enter the #TechFest2024 Awards and gain national recognition for your groundbreaking work! Elevate your brand and be celebrated by industry leaders. #Innovation ğŸŒŸhttps://techfest.newcivilengineer.com/techfest2024/en/page/enter-now#enter-now,"Apr 17, 2024 Â· 12:02 PM UTC",@CNplus,0.0009573152,0.05889238,0.9401503
217,ğŸ“¢New sponsor | CN Awards  We are excited to announce @Tilbury_Douglas is sponsoring the Client of the Year awards 2024. #CNAwards There's still time to book your place and celebrate your achievements with team members and industry experts https://bit.ly/3VcuL8d,"Apr 16, 2024 Â· 12:15 PM UTC",@CNplus,0.0006983607,0.017456423,0.98184526
218,SPONSORED POST | Rethinking the housing crisis â€“ three radical ideas to fix the current trajectory  @cisl_cambridge course director Dr Kayla Friedman on addressing the UK's housing situation    #business #construction #sustainability #sponsoredcontent https://www.constructionnews.co.uk/sponsored/rethinking-the-housing-crisis-three-radical-ideas-to-fix-the-current-trajectory-15-04-2024/,"Apr 15, 2024 Â· 2:24 PM UTC",@CNplus,0.0450248,0.765166,0.1898093
219,"ENTRIES ARE NOW OPEN!  Returning for 2024, the #CNWorkforce awards are aimed at recognising the outstanding achievements of those striving to make the construction industry and their organisations great places to work. Discover more https://bit.ly/4cVKjn5 #constructionnews","Apr 15, 2024 Â· 7:00 AM UTC",@CNplus,0.0011050932,0.057704173,0.9411907
220,The final report into the Grenfell Tower fire has been delayed for a third time â€“ with its expected publication now pushed later into the summer. https://www.constructionnews.co.uk/buildings/building-safety/final-grenfell-tower-report-delayed-once-again-11-04-2024/,"Apr 11, 2024 Â· 4:23 PM UTC",@CNplus,0.60280895,0.37445763,0.022733374
221,text,date,user.username,0.25457582,0.51131296,0.23411128
222,"Mark your calendars for 19 June! Our webinar, ""Beyond Snagging: Maximising Site Management Workflows with Digital Tools,"" will explore real-world case studies showcasing the power of Trimble's Field View. Don't miss out! https://bit.ly/3yMChgU #DigitalConstruction","Jun 12, 2024 Â· 9:00 AM UTC",@BuildingNews,0.0009782452,0.07885312,0.92016864
223,"â€œBuilding liability orders broaden potential liability exposure forâ€¦ associated companies, which were not directly involved [and] may not even have existed at the time could be held jointly and severally liableâ€ â€“ Sood Sood on #construction #law https://ow.ly/1BKa50SgGVx","Jun 12, 2024 Â· 8:46 AM UTC",@BuildingNews,0.39552477,0.56066215,0.04381309
224,"Tackle the challenges of decarbonisation and building safety in social housing. Our ""Every Person Counts"" panel will provide expert insights and solutions. ğŸ”— https://bit.ly/3WJMAfv #Decarbonisation #BuildingSafety #HTLive","Jun 12, 2024 Â· 8:10 AM UTC",@BuildingNews,0.016489292,0.44701576,0.53649503
225,"Join industry leaders at the Building the Future Conference for insights on sustainability, innovation, and collaboration. Explore topics like accelerating the net zero agenda, expediting building safety progress & modernising construction. Register now: https://bit.ly/3WEQk1Z","Jun 12, 2024 Â· 7:35 AM UTC",@BuildingNews,0.0033262826,0.29780757,0.6988661
226,Industry reacts to Conservative Partyâ€™s â€˜unbalancedâ€™ and â€˜frustratingâ€™ manifesto: Modest welcome for Help to Buy relaunch but Tories fail to impress with lack of planning reform dlvr.it/T895d6 #construction #news,"Jun 12, 2024 Â· 7:24 AM UTC",@BuildingNews,0.6523675,0.30493677,0.042695813
227,Wilkinson Eyreâ€™s plans to redevelop spy tunnels into visitor attraction get City approval: Scheme still needs Camden green light for final sign off dlvr.it/T890F4 #construction #news,"Jun 12, 2024 Â· 6:27 AM UTC",@BuildingNews,0.0372286,0.82813346,0.13463795
228,"Be part of Building's Top 150 Consultants survey for 2024! Share your insights on market conditions, skills, and industry trends. Submit your details and help create an accurate picture of the sector. [https://bit.ly/4bBoYxQ]","Jun 11, 2024 Â· 2:01 PM UTC",@BuildingNews,0.0071073407,0.560881,0.4320117
229,Be part of the conversation on accelerating the net zero agenda at the Building the Future Conference. Early-bird tickets are now available â€“ secure your spot today! https://bit.ly/3WEQk1Z #NetZero #SustainableFuture,"Jun 11, 2024 Â· 1:40 PM UTC",@BuildingNews,0.0014447883,0.18195817,0.8165971
230,Sunak pledges to revive Help To Buy at Conservative manifesto launch: Party also pledges to get major infrastructure projects signed off within 12 months dlvr.it/T87GzY #construction #news,"Jun 11, 2024 Â· 1:15 PM UTC",@BuildingNews,0.009208297,0.6310458,0.35974586
231,Turner & Townsend forecasts tender price inflation to fall to 3% this year: Consultant says falling materials prices and wage inflation behind drop dlvr.it/T87GyC #construction #news,"Jun 11, 2024 Â· 1:15 PM UTC",@BuildingNews,0.22300942,0.7236034,0.05338714
232,CIBSE appoints Arup board member as new president: Fiona Cousins takes over from Adrian Catchpole dlvr.it/T877bj #construction #news,"Jun 11, 2024 Â· 12:18 PM UTC",@BuildingNews,0.01617356,0.9064005,0.07742589
233,Main contract award on Â£900m London towers job due this autumn: Development manager Lipton Rogers still to settle on procurement options for 18 Blackfriars project dlvr.it/T877bQ #construction #news,"Jun 11, 2024 Â· 12:18 PM UTC",@BuildingNews,0.08052163,0.8896772,0.029801125
234,Turner & Townsend forecasts 3% fall in tender price inflation this year: Consultant says falling materials prices and wage inflation behind drop dlvr.it/T877ZN #construction #news,"Jun 11, 2024 Â· 12:18 PM UTC",@BuildingNews,0.16125113,0.7696438,0.069105
235,"How can we overcome planning barriers to deliver the homes our country needs? Join our ""A Fair Deal for Housing"" panel at Housing Today Live to find out! ğŸ”—https://bit.ly/3WJMAfv","Jun 11, 2024 Â· 12:00 PM UTC",@BuildingNews,0.021324573,0.55952793,0.4191475
236,CLC calls on parties to commit to favouring planning approval on smaller sites: Body also demands long-term planning and investment in skills dlvr.it/T870jD #construction #news,"Jun 11, 2024 Â· 11:21 AM UTC",@BuildingNews,0.02915662,0.69929856,0.2715448
237,Battersea Power Station picks ex-Galliard boss as new chief executive: New chief executive to replace Simon Murphy dlvr.it/T870gz #construction #news,"Jun 11, 2024 Â· 11:21 AM UTC",@BuildingNews,0.025534056,0.9311301,0.043335777
238,Murphy profit up by half: Firm says direct delivery model and repeat business send bottom line heading north dlvr.it/T86slL #construction #news,"Jun 11, 2024 Â· 10:22 AM UTC",@BuildingNews,0.028538132,0.772055,0.19940694
239,Revolutionise your site management workflows with digital tools! Join our webinar on 19 June to discover how Trimble's Viewpoint Field View can take you beyond traditional snagging. Register now: https://bit.ly/3yMChgU #ConstructionTech #SiteManagement,"Jun 11, 2024 Â· 9:01 AM UTC",@BuildingNews,0.002248609,0.22223975,0.7755117
240,Be at the forefront of housing innovation! Attend Housing Today Live on September 18th for insightful panels and networking opportunities. Get your early-bird tickets now! ğŸ”—https://bit.ly/3WJMAfv #HousingSolutions #HTLive #NetworkingEvent,"Jun 11, 2024 Â· 8:05 AM UTC",@BuildingNews,0.0015587047,0.19655962,0.8018816
241,Don't miss the panel session on modernising the built environment at the Building the Future Conference. Learn about collaborative strategies shaping the future of construction. Early-bird tickets selling fast! https://bit.ly/3WEQk1Z,"Jun 11, 2024 Â· 7:35 AM UTC",@BuildingNews,0.0015036264,0.10237853,0.8961178
242,text,date,user.username,0.25457582,0.51131296,0.23411128
243,"The SkillBuild qualifiers roll into Wrexham today and Coleg Cambria ğŸ´ó §ó ¢ó ·ó ¬ó ³ó ¿  Good luck to everyone competing, we hope you have a great experience ğŸ€  The top three scoring competitors for each trade category can be found here within a week of the competition ğŸ‘‰ https://bit.ly/3HwQU9L","Jun 11, 2024 Â· 6:38 AM UTC",@GoConstructUK,0.0021260686,0.04542946,0.9524445
244,"Floorlaying apprenticeships - everything you need to know  ğŸ“–  Being able to install high-quality flooring commands a competitive salary ğŸ’·   With experience, qualified floor layers have the potential to earn up to Â£45,000 ğŸ§  Get more info â–¶ï¸  https://bit.ly/FlooringApprenticeships-Everythingyouneedtoknow #flooring","Jun 10, 2024 Â· 6:59 PM UTC",@GoConstructUK,0.011684726,0.28278142,0.70553386
245,Want to share your knowledge and feel great about yourself? ğŸ¤”  Then it's time you considered being a Go Construct STEM Ambassador. People like Scott are sharing the fantastic opportunities available in construction. Want to know more? ğŸ”—  https://bit.ly/3z9g8nv #VolunteersWeek,"Jun 8, 2024 Â· 5:16 AM UTC",@GoConstructUK,0.0021474715,0.077735886,0.92011666
246,The latest Go Construct #STEM Ambassador virtual training event is now available to book!  This one-hour CPD event is designed to give existing ambassadors the confidence to start inspiring the next generation of #construction professionals. Book now: https://bit.ly/4bJS5Q8,"Jun 7, 2024 Â· 4:27 PM UTC",@GoConstructUK,0.0014501429,0.16483685,0.83371294
247,"If you want to give something back, then you need to consider volunteering. Why not become a Go Construct STEM Ambassador? Anyone working in the industry can be one â€“ whether youâ€™re an apprentice or a company director. Want to know more?  https://bit.ly/3z9g8nv #VolunteersWeek","Jun 6, 2024 Â· 1:20 PM UTC",@GoConstructUK,0.009611156,0.35974857,0.63064027
248,"The Go Construct STEM Ambassador team was honoured at @STEMLearningUK Ambassadors Partner Celebration event in York lst night. ğŸ™Œ  They won the award for the highest number of volunteers in a sector cohort, as well as being one of five guest speakers. ğŸ¾  #volunteersweek","Jun 6, 2024 Â· 10:19 AM UTC",@GoConstructUK,0.0007630665,0.021387769,0.9778491
249,"ğŸš¨BREAKING NEWSğŸš¨  SkillBuild is delighted to announce a new sponsor for this year's regional qualifiers and National Final. @wienerbergeruk offers one of the industryâ€™s most diverse portfolios of #building solutions, from #bricks and roof tiles to solar panels and piping.","Jun 5, 2024 Â· 5:01 AM UTC",@GoConstructUK,0.00091840746,0.030469382,0.9686122
250,The SkillBuild regional qualifiers roll into Leeds College of Building today! ğŸ› ï¸  Today's event is the 10th of 19 SkillBuild regional qualifiers and will see roof slating and tiling trade competitions take place. Take part in next yearâ€™s competition ğŸ‘‰  https://bit.ly/49I2p9s,"Jun 4, 2024 Â· 7:33 AM UTC",@GoConstructUK,0.013444545,0.7545217,0.23203368
251,"Celebrating #Pride in construction ğŸŒˆ  The industry is committed to embracing #diversity, equality & inclusion, & creating a working environment where the #LGBTQ+ community is not only respected, but can also thrive & succeed. Find out more ğŸ‘‰  https://bit.ly/3qs8BBi #PrideMonth","Jun 3, 2024 Â· 4:50 PM UTC",@GoConstructUK,0.00068180304,0.032712203,0.966606
252,SkillBuild history is on display at City College Plymouth â€“ the Painting and Decorating Memorial Wall celebrates 19 years of stunning work from talented learners. ğŸ¨  Register your interest in SkillBuild here: https://bit.ly/49I2p9s Maybe it'll be your work on the wall in 2025?,"May 31, 2024 Â· 4:07 PM UTC",@GoConstructUK,0.0009884399,0.06636097,0.93265057
253,"It's time to interact ğŸ®  https://bit.ly/InteractiveVideoResources  Interested in a career in construction, but not sure which one is right for you?ğŸ’­ğŸ‘·â€â™€ï¸  Weâ€™re bringing you a real taste of the industry through our interactive video resources. ğŸ“¹  #Apprenticeship #ConstructionCareer #CareerTips","May 30, 2024 Â· 4:42 PM UTC",@GoConstructUK,0.04108984,0.59498155,0.36392865
254,The next generation of construction professionals showcasing their talent  @LewishamCollege in an epic SkillBuild qualifier ğŸ› ï¸ âœ¨   You can find the results here ğŸ‘‰ https://bit.ly/3HwQU9L #ukconstruction,"May 29, 2024 Â· 3:10 PM UTC",@GoConstructUK,0.0021706081,0.1534469,0.84438246
255,"Meet Harry Kipping-Bier a Go Construct STEM Ambassador.  Harry is 17, currently doing his Level 2 Land Service-Based Engineering course within his Apprenticeship at Bircham Newton, NCC England East.  @notgoingtouni","May 28, 2024 Â· 7:50 PM UTC",@GoConstructUK,0.010197108,0.8309766,0.15882628
256,"Umar is a @notgoingtouni ambassador and an Apprentice at @KPMG   Partnering with @notgoingtouni, they asked Umar to tell us how he found his apprenticeship!   Discover the answer he gave in the above reel.  #apprenticeships #apprentice #apprenticeshiptips","May 24, 2024 Â· 4:12 PM UTC",@GoConstructUK,0.042455956,0.84412414,0.11341988
257,SkillBuild's latest regional qualifier was held at #Lewisham College with competition across:  â–¶ï¸ Bricklaying â–¶ï¸ Carpentry â–¶ï¸ Joinery â–¶ï¸ Painting and Decorating â–¶ï¸ Plastering â–¶ï¸ Drylining.  This was the 7th of 19 qualifying events building up to the #SkillBuild National Final ğŸ†,"May 23, 2024 Â· 6:44 PM UTC",@GoConstructUK,0.035905406,0.8826466,0.081448056
258,Kitchen Fitter apprenticeships â€“ A handy guide ğŸ“–  Fitting kitchens is an increasingly important construction trade.   Find out more here: https://bit.ly/KitchenFitterApprentice #apprentice #kitchenfitter #kitchendesign #apprenticeships,"May 22, 2024 Â· 9:54 AM UTC",@GoConstructUK,0.004653788,0.32867664,0.6666696
259,A regional #SkillBuild qualifier to remember @BurnleyCollege   The results from these trades are now online:  â–¶ï¸ Bricklaying â–¶ï¸ Carpentry â–¶ï¸ Furniture and cabinet making â–¶ï¸ Joinery â–¶ï¸ Painting and decorating â–¶ï¸ Plastering.  You can find them here ğŸ‘‰ https://bit.ly/3HwQU9L,"May 21, 2024 Â· 7:30 PM UTC",@GoConstructUK,0.03684493,0.8317289,0.1314262
260,"Meet Harry Kipping-Bier a Go Construct STEM Ambassador. Why choose an apprenticeship rather than going to University?  ""University costs more."" ""I can get an equivalent qualification from an apprenticeship.""  ""Always earning, saving a lot more money.""   @notgoingtouni","May 20, 2024 Â· 6:51 PM UTC",@GoConstructUK,0.3552964,0.49498904,0.14971463
261,The results are in from the SkillBuild regional qualifier @BurnleyCollege  ğŸ¥‡ ğŸ¥ˆ ğŸ¥‰  You can find them here ğŸ‘‰ https://bit.ly/3HwQU9L Huge congratulations to those who finished in the top three places and all of those involved in the event.ğŸ‘  #ukconstruction #SkillBuild,"May 17, 2024 Â· 2:44 PM UTC",@GoConstructUK,0.0013478724,0.047116388,0.95153576
262,"We are pleased to announce the members of Team UK who will be heading to WorldSkills Lyon 2024 to showcase their world-class skills and compete on an international stage, representing the UK. https://bit.ly/4a5a6GU #TeamUK in partnership with @PearsonBTECAppr.","May 8, 2024 Â· 8:03 AM UTC",@worldskillsuk,0.0005975886,0.02091124,0.9784912
263,text,date,user.username,0.25457582,0.51131296,0.23411128
264,"The June 2024 edition of BIM Today is now live!  This issue explores how #AI is already starting to reshape the built environment and what the future will hold, from design and build to #innovation, #sustainability and jobs  Read your copy now â¬‡  https://bit.ly/4ean3me","Jun 4, 2024 Â· 10:22 AM UTC",@PBC_Today,0.0034132262,0.30312595,0.6934608
265,#icymi New South Wales based construction company #Lendlease is selling its UK and US businesses and exiting international markets to focus on Australian operations https://bit.ly/3wWffUk,"Jun 12, 2024 Â· 12:46 PM UTC",@PBC_Today,0.17613079,0.7819548,0.04191438
266,"#icymi A study conducted by the @BristolUni in #SouthAfrica has found that #myceliumcomposites, a #biobased #buildingmaterial, can have a greater #environmentalimpact than traditional #concrete https://bit.ly/3KlpxjN","Jun 12, 2024 Â· 12:33 PM UTC",@PBC_Today,0.018620303,0.3863701,0.5950097
267,.@eonenergyuk's brand new eBook explores how the company is drivingÂ #EVcharging infrastructureÂ forward to allow businesses to benefit from electrified fleets. â¬‡  #EVfleets #Electrification #Energy https://bit.ly/3VFUoNt,"Jun 12, 2024 Â· 11:37 AM UTC",@PBC_Today,0.0032289014,0.36285374,0.63391733
268,TheÂ Biodiversity Net Gain HubÂ is set to offer complete end-to-end service to revolutionise the way developers approach #BNG #biodiversity #environment https://bit.ly/3RoxSay,"Jun 12, 2024 Â· 10:02 AM UTC",@PBC_Today,0.0029025923,0.24425277,0.7528447
269,"#icymi Hire divisional director at @PremierModular , Mark Rooney, examines the need to incorporate repurposed #buildingstock in the national #netzero strategy https://bit.ly/3VuepHX","Jun 12, 2024 Â· 9:40 AM UTC",@PBC_Today,0.013046714,0.8311334,0.15581986
270,"#icymi Mark Wild, OBE, will bring almost four decades of experience to the #HS2 chief executive role https://bit.ly/4c0MyV7","Jun 12, 2024 Â· 9:27 AM UTC",@PBC_Today,0.008284221,0.45904374,0.532672
271,"Construction output in the UK declined in April for the third consecutive month, theÂ @ONSÂ found  #UKConstruction #UKEconomy #BuildingSector https://bit.ly/3XoaayL","Jun 12, 2024 Â· 8:50 AM UTC",@PBC_Today,0.5879241,0.37891528,0.033160627
272,"Fiona Cousins, who holds several senior roles at #Arup, will take over the @CIBSE  presidency from Adrian Catchpole https://bit.ly/4bS8Kks","Jun 11, 2024 Â· 3:33 PM UTC",@PBC_Today,0.009141694,0.9046217,0.08623666
273,"The #LiberalDemocrats, led by Sir Ed Davey, have launched their manifesto for the #2024generalelection, with grand plans for #housing and #netzero https://bit.ly/3x192qg","Jun 11, 2024 Â· 3:25 PM UTC",@PBC_Today,0.005490754,0.42377648,0.57073283
274,"Prime minister Rishi Sunak launched the #Conservativemanifesto  at the Silverstone racing circuit, with the slogan: â€œClear Plan, Bold Action, Secure Futureâ€ https://bit.ly/3VGhEMw #ToryManifesto","Jun 11, 2024 Â· 3:18 PM UTC",@PBC_Today,0.009708817,0.7983895,0.19190167
275,"Build Warranty GroupÂ takes a close look at the effects of the outcome of the July 4th #election results, which have set the stage for significant #policy changes in the #UKhousingmarket https://bit.ly/4ebTVeh","Jun 11, 2024 Â· 2:05 PM UTC",@PBC_Today,0.020361843,0.8132317,0.16640651
276,The latestÂ Housing Pipeline ReportÂ from the @HomeBuildersFed has revealed that the number of new #homes and sites given #planning permission has continued to plummet in the 12 months to March 2024  https://bit.ly/3XodTMZ,"Jun 11, 2024 Â· 12:26 PM UTC",@PBC_Today,0.5769739,0.3760225,0.047003634
277,"#icymi Tech has a huge role to play in tackling the skills and talent shortages. Itâ€™s now up to the #constructionsector to truly unlock the potential of #automation to improve #efficiency, #productivity and accuracy, says Andy Clifton of @TopconGB_IRE https://bit.ly/4aJenA1","Jun 11, 2024 Â· 12:02 PM UTC",@PBC_Today,0.016001683,0.28785545,0.69614285
278,#icymi Did you miss @ViewpointcsUK 's third and final webinar in the #ConcepttoConstruction series? Read on as we break down the benefits of #digitalworkflowsâ€¦ https://bit.ly/3V7uhyq,"Jun 11, 2024 Â· 10:29 AM UTC",@PBC_Today,0.07269377,0.7236591,0.20364717
279,"#icymi @thebuildchain  examines how digital #materialsprocurement platforms are shaking up traditional #supplychains, bringing #sustainability to the forefront https://bit.ly/3VktFH5","Jun 11, 2024 Â· 10:05 AM UTC",@PBC_Today,0.0050782175,0.43504477,0.55987704
280,"#icymi The Chartered Institute of #Building @theCIOB  has launched its manifesto ahead of the next UK #generalelectionl2024  on 4 July, outlining how a future government can support the #builtenvironment sector https://bit.ly/3WWENuY","Jun 11, 2024 Â· 9:43 AM UTC",@PBC_Today,0.0033372494,0.42671815,0.5699446
281,Dubaiâ€™s Moro Hub signs deal to deliver smart city solutions for Oman  https://www.digitalconstructiontoday.com/dubais-moro-hub-signs-deal-to-deliver-smart-city-solutions-for-oman/1732/,"Jun 11, 2024 Â· 9:05 AM UTC",@DigitalConToday,0.009997397,0.7248209,0.26518175
282,".@esh_group will deliver a new #retrofit scheme across the Tees Valley, with local authorities securing around Â£2.1m of Home Upgrade Grant Phase 2 (HUG 2) funding from the Department for Energy, Security and Net Zero  #Energy #Netzero https://bit.ly/4ejxGmM","Jun 11, 2024 Â· 8:53 AM UTC",@PBC_Today,0.0051437407,0.6142658,0.38059044
283,"#icymi #AI is kicking up a storm. Marc Nezet, chief strategy officer & chief division officer of the Operate & Manage Division, @nemetschekgroup , explains why the groupâ€™s introduction of an #AIInnovationHub will restore calm to the #AEC/O sector https://bit.ly/4aCZ9MY","Jun 11, 2024 Â· 6:58 AM UTC",@PBC_Today,0.009629118,0.32686567,0.66350526
284,"#icymi Vincent Matthews, head of UK marketing at @SFSGroupUK , discusses the benefits of working with a #productmanufacturer in #construction to select an appropriate system solution https://bit.ly/3ytz5Xp","Jun 10, 2024 Â· 3:16 PM UTC",@PBC_Today,0.004847807,0.39608577,0.5990664
285,The SBM Remax 600 mobile impact crusher uses #artificialintelligence (#AI) to produce aggregate and weighs up to 75 tons https://bit.ly/45pSuor,"Jun 10, 2024 Â· 2:47 PM UTC",@PBC_Today,0.017566284,0.7723617,0.21007201
286,".@AccuCities is a leading provider of detailed and accurate 3D city models, which are essential tools in various fields such as urban planning and architecture.  Learn how planning consultants can use their 3D city models to enhance workflows â¬‡  https://bit.ly/4aYH63U","Jun 10, 2024 Â· 2:26 PM UTC",@PBC_Today,0.002006975,0.13214284,0.8658502
287,PBC Today sat down withÂ Residential Fire Protection LtdÂ to discuss how the company has evolved from a small family-owned business to a leading sprinkler provider and a trusted name in #firesafety https://bit.ly/3KDKfvC,"Jun 10, 2024 Â· 2:16 PM UTC",@PBC_Today,0.004545224,0.57777536,0.41767943
288,"Sarah Meek, of @MatesinMind, discusses the importance of focusing on prevention rather than crisis management and how we can start those crucial conversations around #mentalhealth in #construction https://bit.ly/3S1LWYB #MensHealthWeek","Jun 10, 2024 Â· 2:05 PM UTC",@PBC_Today,0.021128668,0.6192163,0.35965502
289,".@innovateuk has awarded a grant to support @morgansindallc's bespoke whole life carbon assessment software tool, which is being adapted for @NottmTrentUni #WLCA #NetZero #GreenSkills https://bit.ly/4cgjkkX","Jun 10, 2024 Â· 11:59 AM UTC",@PBC_Today,0.0030030084,0.33703813,0.6599589
290,"A new report from Southern Construction Framework addresses theÂ top challenges for subcontractors over the next 12 months - check out the graph belowâ¬‡  To read the full breakdown, click here: https://www.pbctoday.co.uk/news/hr-skills-news/top-challenges-subcontractors-revealed-scf-report/140261/ #SouthernConstructionFramework #ConstructionUK","Jun 10, 2024 Â· 11:24 AM UTC",@PBC_Today,0.040018063,0.8157436,0.14423841
291,The @DigitalTwinCon and the Smart Cities Council have announced a â€œsignificant expansionâ€ of their global partnership  https://www.digitalconstructiontoday.com/digital-twin-consortium-and-smart-cities-council-expand-global-partnership/1722/,"Jun 10, 2024 Â· 9:25 AM UTC",@DigitalConToday,0.0014603025,0.26027608,0.73826367
292,Ratio manufactures design-led innovative and robust #EV charging products that are tailor made to its customersâ€™ needs. It continues to be a sustainable business whilst supporting the move to a #netzero #transport industry https://bit.ly/4byi9Ns,"Jun 10, 2024 Â· 11:00 AM UTC",@PBC_Today,0.0017672698,0.11148947,0.88674325
293,.@ArcadisGlobal has forecast higher levels of #construction #inflation from 2026 onwards due to resource constraints and the impact of delayed #procurements on the future shape of the #supplychain https://bit.ly/4ceK1qg,"Jun 10, 2024 Â· 9:42 AM UTC",@PBC_Today,0.35203227,0.5766891,0.07127857
294,ğŸ‘·â€â™‚ï¸ Men's Health WeekğŸ‘·â€â™‚ï¸ it's time to put a spotlight on the well-being of the men who are the backbone of the building and construction industry. This week is a reminder to take care of not just your physical health but your mental health.ğŸ’ª#MensHealthWeek #ConstructionUK,"Jun 10, 2024 Â· 9:09 AM UTC",@PBC_Today,0.01111117,0.3285362,0.66035265
295,"Feargal Cleary launched ClearTech Engineered Solutions during a major industry downturn. He knew that traditional operations & models in design and construction would give way to technology-driven,  sustainable models that require leaner operations. https://bit.ly/3WvxwCd","Jun 10, 2024 Â· 8:39 AM UTC",@PBC_Today,0.019183634,0.5293669,0.45144948
296,"Rob Dawes, the new director of #projectmanagement at @PickEverard , will lead the firmâ€™s Manchester and Leeds offices https://bit.ly/3VtRr3o","Jun 7, 2024 Â· 2:23 PM UTC",@PBC_Today,0.009685057,0.89035803,0.0999569
297,Keir Starmer and Angela Rayner claimed Labour was the â€œparty of #homeownershipâ€ as they launched the â€˜#FreedomtoBuyâ€™ scheme https://bit.ly/3Kysyxh,"Jun 7, 2024 Â· 2:13 PM UTC",@PBC_Today,0.11517436,0.7602429,0.12458282
298,"#icymi When it comes to #engineering, something as small as #fixings can often be the most vital part of the biggest projects, as Dr Alastair Soane, principal consultant of @cross_safety, and Fellow of Institution of #StructuralEngineers @IStructE explains https://bit.ly/4ayTeZh","Jun 7, 2024 Â· 1:52 PM UTC",@PBC_Today,0.0074281185,0.30187643,0.69069546
299,"Sector-wide, thereâ€™s an urgent call for #construction businesses to implement robust measures that will prevent and protect them against #cybersecurity risks, says Simon Hughes, SVP of Global Distribution at @CowbellCyber https://bit.ly/3VurWiz","Jun 7, 2024 Â· 1:32 PM UTC",@PBC_Today,0.08994867,0.6940795,0.21597184
300,"#icymi Tom Wells, head of #EnvironmentalPlanning South at @ITPEnergised , part of SLR, examines the pros and cons of #EnvironmentalOutcomeReports https://bit.ly/3Kc5oNb","Jun 7, 2024 Â· 12:05 PM UTC",@PBC_Today,0.04735742,0.85624707,0.09639556
301,"#icymi As a date is set for the publication of the phase 2 report on the #Grenfell Tower fire for 4th September, Metropolitan Police have confirmed they do not expect to begin #prosecutions until 2027 at the earliest https://bit.ly/4dXt8lR","Jun 7, 2024 Â· 11:41 AM UTC",@PBC_Today,0.22490846,0.7175956,0.057495918
302,"Online construction #materialsprocurement platformÂ @thebuildchainÂ is set to grow its team, expand its solution, and reach the next stage of growth after securing its second round of #investment  Find out more â¬‡  https://bit.ly/4edtftt","Jun 7, 2024 Â· 10:23 AM UTC",@PBC_Today,0.0015238185,0.17465541,0.82382077
303,.@rethinkmodular'sÂ Modular AdvantageÂ June 2024 editionÂ features case studies of the winning building projects from its Awards of Distinction contest and examines the successful 2024 World of Modular.  #modular #construction  Click here to read. â¬‡  https://bit.ly/3yZ1yV2,"Jun 7, 2024 Â· 9:44 AM UTC",@PBC_Today,0.008769503,0.435155,0.55607545
304,#icymi The proposed National #Infrastructure and Service Transformation Authority (Nista) would â€œbetter support the delivery of #majorcapital projectsâ€ https://bit.ly/3WVWn2e,"Jun 7, 2024 Â· 9:32 AM UTC",@PBC_Today,0.007962218,0.3884069,0.60363084
305,"#icymi Accurate estimates and transparent processes are essential in #construction. By adopting #digitaltools, #estimators and #fabricators can ensure precision and improve communication among stakeholders, explains @ViewpointcsUK https://bit.ly/3Vkb7a4","Jun 7, 2024 Â· 9:08 AM UTC",@PBC_Today,0.007946609,0.3421502,0.6499032
306,The first homes using @TravisPerkinsCo WholeHouse platform have been completed in Leicestershire.    #digitalconstruction     Read more here â¬‡ï¸  https://bit.ly/3RiXsxz,"Jun 7, 2024 Â· 8:50 AM UTC",@PBC_Today,0.0041637975,0.6642121,0.33162412
307,"#ICYMI With #AI developing at a rapid rate, it promises to bring dramatic changes to the #constructionindustry. James Bowles, founder of #Freeform4D, outlines some of what to expect and how best to prepare for the future https://bit.ly/3wSwJAZ","Jun 7, 2024 Â· 8:42 AM UTC",@PBC_Today,0.0036842208,0.22559874,0.770717
308,.@RIBA has published its latest set of horizon scans that highlight how global #population change will shape the #builtenvironment over the next ten years  #Architecture https://bit.ly/3Rg9QOK,"Jun 7, 2024 Â· 7:32 AM UTC",@PBC_Today,0.00938348,0.77206135,0.21855521
309,#icymi @thebuildchain  discusses how advancements in #dataanalytics are transforming #materialsprocurement in the #constructionindustry https://bit.ly/3R48hDB,"Jun 7, 2024 Â· 7:15 AM UTC",@PBC_Today,0.0053791315,0.46240538,0.5322155
310,The #AEC sector is embracing the trend of #smartbuildings. Sam Norledge of the newly formed #DigitalBuildingsCouncil explores the vital role of #BIM-#IoT integration in the delivery of #digitalbuildings and its alignment with new operational practices https://bit.ly/4e4vmQt,"Jun 6, 2024 Â· 2:19 PM UTC",@PBC_Today,0.0016544746,0.20353661,0.7948089
311,"The @NatRetrofitHub has recently published its guide to #DigitalBuildingLogbooks, which use real-time data and personalised insights to support nationwide #retrofit and inclusive #sustainability https://bit.ly/4edLGhC","Jun 6, 2024 Â· 1:50 PM UTC",@PBC_Today,0.0018586868,0.30582896,0.69231236
312,"An @IEA report has found that global industries are not currently on target to triple #renewables by 2030, one of the â€œcritical actionsâ€ of #COP28 https://bit.ly/3VxtfNP","Jun 6, 2024 Â· 1:18 PM UTC",@PBC_Today,0.53572136,0.41213825,0.05214041
313,FSi Promat has launched a new #whitepaper highlighting the impact dynamic movement can have on the effectiveness of penetration seals for #firestopping #BuildingControl https://bit.ly/3KviRzG,"Jun 6, 2024 Â· 12:43 PM UTC",@PBC_Today,0.0073063653,0.6883282,0.30436546
314,"The May construction #PMIs revealed that growth in the #UKconstruction sector gained momentum last month, with rising workloads prompting renewed expansions in purchasing activity and #employment https://bit.ly/3VuaLNW","Jun 6, 2024 Â· 11:05 AM UTC",@PBC_Today,0.0014663463,0.16757913,0.8309545
315,"#ICYMI: Many contracting professionals believe that being covered under a clientâ€™s insurance policy provides complete protection. However, this assumption can be misleading and risky, @CWIB_LTD explains  https://bit.ly/3Vbwwlr","Jun 6, 2024 Â· 11:02 AM UTC",@PBC_Today,0.5465397,0.41471526,0.03874499
316,"#icymi Phase one of the steel works has now commenced on the North Stand, part of the Â£300m refurbishment on Manchester Cityâ€™s #EtihadStadium https://bit.ly/4bOJRG1 @JohnSiskandSon","Jun 6, 2024 Â· 10:33 AM UTC",@PBC_Today,0.065889716,0.89888436,0.035225917
317,"#icymi Although the #generalelection  was known to be happening this year, Rishi Sunak took the UK by surprise  by setting a date for the 4th July https://bit.ly/3R1nSnd #GeneralElection4thJuly","Jun 6, 2024 Â· 9:46 AM UTC",@PBC_Today,0.033372756,0.7050222,0.26160505
318,"#icymi 1.5m #constructionworkers in the UK have worked in a dangerous environment whilst suffering from poor #mentalhealth, with nearly 700,000 suffering injuries because of it https://bit.ly/3ywGSnc","Jun 6, 2024 Â· 9:14 AM UTC",@PBC_Today,0.9571072,0.040268958,0.002623813
319,A new tool released by theÂ BCISÂ is able to measure and report on whole life costs and whole life #carbonemissions at the same time  #Energy https://bit.ly/3RgnzF4,"Jun 6, 2024 Â· 9:06 AM UTC",@PBC_Today,0.008128152,0.5132046,0.47866732
320,"Aside from dampening our spirits, the past winter has proved to be one of the wettest on record and will have reminded construction industry specifiers of the protection that render finishes can offer against driving rain https://bit.ly/44wpeMp @MarmoxUK","Jun 6, 2024 Â· 8:59 AM UTC",@PBC_Today,0.42827618,0.46628022,0.10544366
321,"Dean Fazackerley, head of technical procurement at public sector framework provider @LHCprocurement  Group (LHC), reflects on the key takeaways in the development of its latest #energyefficiency framework, #Decarbonisation & #Retrofit (N9) https://bit.ly/3UvAsw5","Jun 6, 2024 Â· 8:52 AM UTC",@PBC_Today,0.0051291753,0.7309525,0.26391834
322,"Innovation in technology, #AI, materials and manufacturing processes will be essential to the transition of the #cement and #concrete industry towards a #netzero future, writes @theGCCA chief executive Thomas Guillot  https://bit.ly/3wUoF2n","Jun 6, 2024 Â· 8:17 AM UTC",@PBC_Today,0.0069275103,0.37428284,0.6187896
323,".@UKBIMFramework, the overarching approach to implementing information management using #BIM in the #UK, has been revamped  Click the link below to read more â¬‡  https://bit.ly/4bJ1xTR","Jun 5, 2024 Â· 2:40 PM UTC",@PBC_Today,0.021877164,0.76892734,0.20919548
324,"#ICYMI: The use of AI in construction is set to revolutionise the industry, but it wonâ€™t be taking over your job, says Anthony Watson, pre-construction manager at @InsideOBrien https://bit.ly/4dRF6gx","Jun 5, 2024 Â· 1:58 PM UTC",@PBC_Today,0.11029036,0.58297235,0.30673727
325,text,date,user.username,0.25457582,0.51131296,0.23411128
326,Bridging the gap: Ibstock encourages more young people to consider career in construction https://ow.ly/zvzn50SgRx6 #construction #apprentices #apprenticeships #Ibstock,"Jun 12, 2024 Â· 11:48 AM UTC",@UKConstructionm,0.0037009371,0.24389334,0.7524057
327,#Construction activity rises at fastest pace in two years during May https://ow.ly/tRC650Sf9L3 #business #pmi #activity,"Jun 11, 2024 Â· 9:09 AM UTC",@UKConstructionm,0.0048942845,0.38139638,0.61370933
328,Major changes to the Building Safety Act: What to look out for https://ow.ly/tXXI50Sbupv #construction #buildingsafety #safetyact #Pexhurst #Grenfell,"Jun 7, 2024 Â· 8:15 AM UTC",@UKConstructionm,0.06353075,0.8243163,0.11215294
329,Ground-breaking for new Single Living Accommodation at Royal Military Academy Sandhurst https://ow.ly/Si6K50S9mbZ #sandhurst #militaryaccommodation #SLA #construction,"Jun 5, 2024 Â· 9:43 AM UTC",@UKConstructionm,0.012457491,0.86678916,0.12075333
330,How the Liverpool Waters Project is transforming the city Read more:  https://ow.ly/RXX050S8f3v #peel #Livepool #LiverpoolWaters #rejuvenation #regeneration,"Jun 4, 2024 Â· 3:02 PM UTC",@UKConstructionm,0.00658499,0.432377,0.56103796
331,"#Construction is a #cashflow-critical industry, and thatâ€™s the primary reason why #Invoice #Finance, a way of releasing the value of unpaid invoices, works so well. Find out more:  https://ow.ly/8QQI50S8eTu","Jun 4, 2024 Â· 10:40 AM UTC",@UKConstructionm,0.0018154831,0.04463955,0.953545
332,#COWI has been awarded a design contract by #NetworkRail for a section of the #Transpennine Route Upgrade (TRU) scheme between Stalybridge and Huddersfield. https://ow.ly/r6Wr50RJwIm #construction #infrastructure,"May 17, 2024 Â· 9:48 AM UTC",@UKConstructionm,0.011218754,0.7798589,0.20892239
333,"The Building Safety Act will bring about changes to culture on a scale never seen before, according to the CEO of Local Authority Building Control #LABC in England and Wales. Read More: https://ow.ly/A7CX50RFocR #buildingsafety #safetyact #construction","May 14, 2024 Â· 9:13 AM UTC",@UKConstructionm,0.0121024,0.495281,0.4926166
334,"Troy Kraemer,  Drive System Design @DSD delves into the importance of #electrification within the off-highway sector and how these unique #vehicles can be adapted for electrification. Read more: https://www.ukconstructionmedia.co.uk/features/the-drive-towards-electrifying-the-off-highway-sector/ #construction #constructionvehicles #plant #EV","May 10, 2024 Â· 8:53 AM UTC",@UKConstructionm,0.007236061,0.61764127,0.37512267
335,The Government Property Agency #GPA has signed #Kier as its initial delivery partner to create a new state-of-the-art hub at the #Darlington Economic Campus. Read more: https://www.ukconstructionmedia.co.uk/news/kier-to-design-new-government-hub-at-darlington/ #publicsector #governmentestate,"May 9, 2024 Â· 8:02 AM UTC",@UKConstructionm,0.00512067,0.7408565,0.25402275
336,"More than a third of #construction firms are concerned they wonâ€™t be able to trade into 2025, according to a new report from business advisory firm FRP.   Read more: https://www.ukconstructionmedia.co.uk/news/third-of-construction-firms-surveyed-worry-they-wont-last-the-year/ #bust #business #tax #economy","May 8, 2024 Â· 11:35 AM UTC",@UKConstructionm,0.634693,0.33256432,0.03274269
337,"#Mitie Care & Custody has been awarded the contract to operate #HMPMillsike, the UKâ€™s first all-electric prison that will provide around 1,500 places. https://ow.ly/ksAX50RyjpK #sustainability #electric #prison","May 7, 2024 Â· 11:02 AM UTC",@UKConstructionm,0.026945341,0.73459965,0.23845501
338,"National framework provider @Pagabo has announced the 56 suppliers appointed to its brand-new Â£1.6Bn Decarbonisation Solutions Framework, including Morgan Sindall, Kier and Willmott Dixon. https://ow.ly/uQTu50RvqO7","May 3, 2024 Â· 7:37 AM UTC",@UKConstructionm,0.005320099,0.75367886,0.24100101
339,"A new report by the Association for Project Management (APM), has found the #construction sector of the project management profession has grown by over 20% in five years to contribute Â£33Bn of GVA to the UK economy. https://ow.ly/AiTN50Ruqvh","May 2, 2024 Â· 8:00 AM UTC",@UKConstructionm,0.002020854,0.18241028,0.81556886
340,Biodiversity Net Gain - How developers can grow a successful strategy Read more:  https://ow.ly/F73L50RteSR #biodiversity #BNG #Developers #construction,"May 1, 2024 Â· 9:25 AM UTC",@UKConstructionm,0.0040142154,0.30302817,0.6929576
341,"Rethinking sustainable construction: a future forged in timber Article from Mila Duncheva, Business Development Manager @StoraEnso Read more: https://ow.ly/TFuA50RoP9I","Apr 26, 2024 Â· 9:30 AM UTC",@UKConstructionm,0.005303492,0.7508256,0.24387094
342,#Construction #innovation experts at Leeds Beckett University have partnered with #Yorkshireâ€™s largest public sector #procurement framework organisation to drive innovation and boost opportunities for small businesses in the region Read more: https://www.ukconstructionmedia.co.uk/news/leeds-beckett-university-collaboration-to-drive-innovation-in-construction-industry/,"Apr 25, 2024 Â· 8:29 AM UTC",@UKConstructionm,0.002767319,0.33306053,0.6641721
343,"#BalfourBeatty has confirmed that it has been awarded a contract to construct the new Â£209M #HMPHighland in #Inverness, Scotland, on behalf of the Scottish #Prison Service. https://ow.ly/hFUW50RmTa7 #netzero # supplychain","Apr 24, 2024 Â· 8:02 AM UTC",@UKConstructionm,0.010433291,0.7221701,0.26739666
344,The Office for National Statistics has published estimates of #construction output for February 2024. https://ow.ly/nk9J50Rm15M #ONS #constructionoutput,"Apr 23, 2024 Â· 10:56 AM UTC",@UKConstructionm,0.037726372,0.9091731,0.053100623
345,"#SMEs neglect #cybersecurity, making them easy targets for a wide range of attacks, including #phishing and #ransomware. #Hackers, some with basic technical skills, capitalize on these weaknesses. Read more: https://ow.ly/4puZ50RjChc","Apr 19, 2024 Â· 8:30 AM UTC",@UKConstructionm,0.80856967,0.17883378,0.012596492
346,"Yorkshire-based construction firm, #I&G, part of the wider #SewellGroup, has been appointed by #Leeds Teaching Hospitals NHS Trust to build the new #RobBurrow Centre for Motor Neurone Disease in Leeds; the first of its kind in the UK. https://ow.ly/7GhE50RiNxT #MND","Apr 18, 2024 Â· 8:53 AM UTC",@UKConstructionm,0.014288275,0.8289036,0.15680812
347,How AI technology is making the construction sector safer Read more: https://www.ukconstructionmedia.co.uk/features/how-ai-technology-is-making-the-construction-sector-safer/,"Apr 8, 2024 Â· 9:10 AM UTC",@UKConstructionm,0.014780116,0.38441494,0.6008049
348,The #IPA has published a new framework which sets out how #AI will be harnessed to boost productivity in public project delivery. Read more: https://www.ukconstructionmedia.co.uk/news/power-of-ai-to-boost-project-delivery/ #infrastructure #publicsector #tech #innovation #artificialintelligence,"Apr 3, 2024 Â· 12:17 PM UTC",@UKConstructionm,0.0033925683,0.34817278,0.64843464
349,"Plans to transform part of the #EastLincolnshire coast have taken an important step forward, following unilateral approval of the 336-acre sustainable urban extension scheme in #Skegness. Read more: https://www.ukconstructionmedia.co.uk/news/lincolnshire-gateway-approved/ #construction #commercial #redevelopment","Apr 2, 2024 Â· 8:05 AM UTC",@UKConstructionm,0.0016704571,0.13509996,0.8632296
350,An #undergroundmapping startup has brought in more than Â£82m from its latest funding round to help bring #artificialintelligence to the UK #infrastructure industry. Read more: https://ow.ly/VruY50QYsiE #Exodigo,"Mar 21, 2024 Â· 9:03 AM UTC",@UKConstructionm,0.0015849244,0.23166855,0.7667465
351,The #A66 Northern #TransPennine Project application has been granted development consent by the Secretary of State for Transport. Read more: https://www.ukconstructionmedia.co.uk/news/a66-northern-trans-pennine-project-go-ahead/ #infrastructure #levellingup #North,"Mar 19, 2024 Â· 9:00 AM UTC",@UKConstructionm,0.006231448,0.73223186,0.2615367
352,"In this article, Kingsley Clark, discusses some of the top technological safety interventions to ensure contractors are staying ahead of the game in the new #BuildingSafetyAct era. Read more: https://www.ukconstructionmedia.co.uk/features/revolutionising-construction-safety-the-impact-of-technology/ #healthandsafety #construction","Mar 15, 2024 Â· 9:02 AM UTC",@UKConstructionm,0.006817765,0.46129552,0.5318867
353,New report outlines #highways and #transportation sector #employment trends Read more:  https://www.ukconstructionmedia.co.uk/news/new-report-outlines-highways-and-transportation-sector-employment-trends/ #infrastructue,"Mar 14, 2024 Â· 11:55 AM UTC",@UKConstructionm,0.13210134,0.779248,0.088650614
354,"#Yorkshire-based restoration firm, Henley Restoration and Remedials, has won the contract to complete crucial #restoration work on what is the oldest bank in the UK, The #Roundhouse in Evesham, #Worcestershire. Read more: https://www.ukconstructionmedia.co.uk/news/restoration-work-on-oldest-bank-in-uk/","Mar 13, 2024 Â· 10:24 AM UTC",@UKConstructionm,0.0100477,0.51648194,0.47347033
355,Â£208M investment in the North to transform towns and cities. Read more: https://ow.ly/HwCC50QR1ca #levellingup #Blackpool #North #Liverpool #BlackburnwithDarwen,"Mar 12, 2024 Â· 10:48 AM UTC",@UKConstructionm,0.02048542,0.7482765,0.23123816
356,"Millions of people will benefit from more frequent #rail services from central #Birmingham and upgraded stations as work is set to begin on the #MidlandsRailHub, after ministers provided an initial Â£123M funding injection. Read more: https://ow.ly/Zvfi50QOuzP","Mar 8, 2024 Â· 9:46 AM UTC",@UKConstructionm,0.005559193,0.18879089,0.8056499
357,Almost Â£20M from the Levelling Up Fund will give the former Bridgwater Hospital a new lease of life. Read more: https://ow.ly/PT6C50QNshb #levellingup #hospitals #construction,"Mar 7, 2024 Â· 12:03 PM UTC",@UKConstructionm,0.002667091,0.23803465,0.75929826
358,"Millions of people in the #North and the #Midlands will benefit from better #publictransport, reduced congestion and upgraded local #bus and #trainstations thanks to the new Â£4.7Bn Local Transport Fund. Read more: https://www.ukconstructionmedia.co.uk/news/4-7bn-to-transform-transport-across-the-north-and-midlands/ #LocalTransportFund #LevellingUp #HS2","Mar 5, 2024 Â· 10:10 AM UTC",@UKConstructionm,0.0052983165,0.15761207,0.8370896
359,"New research shows that the future arrival of #HS2 in the #WestMidlands is already driving huge investor confidence in the region, with data pointing to an economic uplift of Â£10Bn over the next ten years. Read more: https://www.ukconstructionmedia.co.uk/news/hs2-drives-10bn-economic-uplift-in-the-west-midlands/","Mar 1, 2024 Â· 8:59 AM UTC",@UKConstructionm,0.0021433472,0.13505425,0.86280245
360,Construction costs in the UK are predicted to rise by 3 â€“ 3.8% this year  Increases will challenge #construction firms to keep costs under control and projects on track.  The findings are shared in a report published by @Currie&Brown Read more: https://ow.ly/PILg50QJbws,"Feb 29, 2024 Â· 11:12 AM UTC",@UKConstructionm,0.20569256,0.6849127,0.10939468
361,#BalfourBeatty VINCI moves first huge #HS2 Delta Junction viaduct https://ow.ly/RkMt50QIH7l #construction #infrastructure,"Feb 28, 2024 Â· 11:17 AM UTC",@UKConstructionm,0.021526277,0.8674085,0.11106524
362,"Pick Everard has revealed it will be helping deliver more than 2,500 school spaces across the Bedford region over the next two years Read more: https://www.ukconstructionmedia.co.uk/news/pick-everard-chosen-for-100m-schools-projects/ #construction #education #Bedford #PickEverard","Feb 27, 2024 Â· 1:30 PM UTC",@UKConstructionm,0.0019339226,0.18270925,0.81535685
363,"In a world first, developers in England are now required to deliver 10% #Biodiversity Net Gain when building new #housing, industrial or commercial #developments. Read more: https://ow.ly/ca2J50QB4OA #BNG #developers","Feb 21, 2024 Â· 12:45 PM UTC",@UKConstructionm,0.011209183,0.4787268,0.510064
364,"Some 20,000 new affordable homes will be built across the country thanks to a Â£3Bn increase in a government-backed loan fund. https://ow.ly/4CR050QB0lf","Feb 20, 2024 Â· 10:30 AM UTC",@UKConstructionm,0.0022983365,0.20966052,0.7880411
365,"Big city councils must prioritise #brownfield development, building new homes in right places and protecting the #GreenBelt, says #Housing Secretary Michael Gove. https://ow.ly/14q450QAZZ9","Feb 19, 2024 Â· 10:15 AM UTC",@UKConstructionm,0.038112093,0.522049,0.43983886
366,A damning new report from the Public Accounts Committee (PAC) states that HS2 offers â€˜very poor value for money for the taxpayerâ€™ following the cancellation of its latter stages into the North. Read more: https://ow.ly/NBpG50QyRoS,"Feb 16, 2024 Â· 8:15 AM UTC",@UKConstructionm,0.8902017,0.10307478,0.0067235427
367,"The governmentâ€™s rollout of next-generation broadband is steaming ahead with around Â£1.1Bn in contracts now signed to connect 677,000 rural homes and businesses across England. Read more: https://ow.ly/6s6H50QyGEE","Feb 15, 2024 Â· 10:50 AM UTC",@UKConstructionm,0.001676214,0.19993266,0.79839116
368,Almost nine in every ten construction workers think mental health support is important when choosing their next jobs according to research by @randstad Read more: https://ow.ly/nPae50QyFce,"Feb 14, 2024 Â· 9:40 AM UTC",@UKConstructionm,0.018909063,0.5736296,0.40746132
369,#NHDG is an industry leader in delivering the high-quality #energyefficiency measures at scale to help the UK strive toward its ambitious #netzero targets. Read more: https://ow.ly/RSZS50QyEUO,"Feb 13, 2024 Â· 9:30 AM UTC",@UKConstructionm,0.0020306383,0.13803594,0.8599334
370,"Some Â£14.2M in funding has been released, with the first #localauthorities approved for #LEVI capital funding. Read more:  https://ow.ly/sX0I50Qyhsw","Feb 12, 2024 Â· 10:40 AM UTC",@UKConstructionm,0.002453574,0.52225184,0.4752946
371,#Construction business optimism is at a two-year high according to the latest #PMI survey. https://ow.ly/V7WY50Qyfwk,"Feb 9, 2024 Â· 10:40 AM UTC",@UKConstructionm,0.0022980464,0.18439426,0.8133077
372,"#Nuclear power stations could be decommissioned in the future with the help of #SMuRFs, scientists have suggested. Read more: https://ow.ly/ajPB50QwfWX #energy #nuclearenergy #UniversityofGlasgow","Feb 6, 2024 Â· 11:05 AM UTC",@UKConstructionm,0.14493589,0.7763898,0.078674406
373,State of the Nation: Institution of Civil Engineers encourages infrastructure professionals to renew focus on sustainability goals. Read more: https://ow.ly/qsnq50QvNMA,"Feb 2, 2024 Â· 10:25 AM UTC",@UKConstructionm,0.006836727,0.5239112,0.46925214
374,Find out how #constructionmanagers can hit their goals using #technology Read more:  https://www.linkedin.com/feed/update/urn:li:activity:7158780832483065857,"Feb 1, 2024 Â· 11:22 AM UTC",@UKConstructionm,0.008058601,0.4765319,0.51540947
375,"Total #output across the UK #construction industry is set to fall this year, according to the latest forecast from the Building Cost Information Service @BCIS Read more: https://ow.ly/VilB50QtWXi","Jan 30, 2024 Â· 12:45 PM UTC",@UKConstructionm,0.55684084,0.40496472,0.038194492
376,.@Winvic hasÂ handed over its first project under its Lincolnshire County Council (LCC) #highways framework contract. Read more: https://ow.ly/PO8P50QtVZr,"Jan 29, 2024 Â· 9:55 AM UTC",@UKConstructionm,0.015723405,0.8819541,0.102322556
377,"Record-breaking #sustainable #office, #Eden, has reached practical completion, creating a new gem on Salfordâ€™s skyline. Read more: https://ow.ly/aW4G50QtvbM","Jan 26, 2024 Â· 12:45 PM UTC",@UKConstructionm,0.001185178,0.09431913,0.9044957
378,"An additional Â£1.3Bn investment in #SizewellC #nuclear plant has been announced, which will lead the expansion of nuclear #energy in the UK, providing stable, cheaper and more secure power in the long-term. Read more: https://ow.ly/o8aK50QtuxT","Jan 25, 2024 Â· 11:10 AM UTC",@UKConstructionm,0.0020533414,0.34537244,0.65257424
379,"London under-prepared for flooding and extreme heat through climate change, new report warns. Read more: https://ow.ly/C3ZI50Qs4aO @ashden-org","Jan 23, 2024 Â· 9:45 AM UTC",@UKConstructionm,0.6730893,0.30896467,0.017945992
380,"#Sustainable housing developer EDAROTH, has signed a development agreement with #Bristol City Council to design and deliver 29 affordable homes. Read more: https://ow.ly/nA2n50QrCEG #UNClimateSmartCities #smartcities","Jan 22, 2024 Â· 8:50 AM UTC",@UKConstructionm,0.0043188683,0.5348654,0.4608158
381,"Some Â£5bn worth of contracts will be up for grabs as HS2 stays on track, with more than 30,000 people now employed on the programme. Read more: https://ow.ly/tFSy50QrC3F #HS2 #infrastructure #supplychain","Jan 19, 2024 Â· 10:25 AM UTC",@UKConstructionm,0.011728233,0.5312047,0.4570671
382,A new report from @mckinsey and @wef reveals that the construction sectorâ€™s carbon dioxide emissions can be reduced by up to 75% Read more: https://ow.ly/AT3550Qpuz6 #circulareconomy #sustainability #construction #carbonemissions,"Jan 18, 2024 Â· 10:35 AM UTC",@UKConstructionm,0.013644939,0.37198755,0.6143675
383,The latest ONS reporting on construction output has revealed a fall in activity over Autumn 2023. Read more: https://ow.ly/zWUX50Qqn3Z #housing #ONS #constructionactivity #construction #constructionoutput,"Jan 17, 2024 Â· 11:25 AM UTC",@UKConstructionm,0.2701066,0.6797833,0.050110094
384,"ProjectPay provides payment protection, securing funds and guaranteeing prompt payment for contractors across the building supply chain.  Read more: https://ow.ly/wZ1750Qp6NW #supplychain #building #construction @InnovateUK","Jan 17, 2024 Â· 10:55 AM UTC",@UKConstructionm,0.0080793435,0.43837813,0.5535425
385,"#Engineering industry fails to tackle #smoking: three times more likely to #smoke, according to public health data. Read more: https://ow.ly/scnR50Qp9jk","Jan 16, 2024 Â· 9:25 AM UTC",@UKConstructionm,0.81737185,0.1660332,0.016595
